アイアムイチリュウ,0
アイアムユウシュン,1
アイアンオバーカム,2
アイアンソリッド,3
アイウィル,4
アイオブザストーム,5
アイオリア,6
アイサンサン,7
アイスグリーン,8
アイスモント,9
アイスヴィレッジ,10
アイズ,11
アイズミサクラ,12
アイソラシー,13
アイトカコイトカ,14
アイドル,15
アイドルフェスタ,16
アイビーガオー,17
アイビースピネル,18
アイファーキャップ,19
アイファーグローブ,20
アイファーシアトル,21
アイファージェット,22
アイファースキャン,23
アイファーテイオー,24
アイファーファイト,25
アイファーモービル,26
アイファーリーオー,27
アイブリンク,28
アイヨトワニ,29
アイランドピーク,30
アイリッシュパール,31
アイルトンバローズ,32
アイルドリアン,33
アイルビリーヴ,34
アインホルン,35
アウクソー,36
アウスヴァール,37
アウトドライブ,38
アウフヴィント,39
アウルムレガリア,40
アオイコウキ,41
アオイハナミチ,42
アオイレーギーナ,43
アオカミ,44
アカイツキ,45
アカイツメ,46
アキミューミュー,47
アクアマリンブルー,48
アクアヴァーナル,49
アクシオン,50
アクションプラン,51
アクチノータス,52
アクルクス,53
アクロスザリバー,54
アクートゥス,55
アグネス,56
アグネスヒーロー,57
アコルダール,58
アコークロー,59
アサクサグレース,60
アサクサヴィーナス,61
アシャカウイング,62
アシャカタカ,63
アシャカトベ,64
アスカノミライ,65
アスクアイルビゼア,66
アスクアットバット,67
アスクエピソード,68
アスクガンバーレ,69
アスクキングコング,70
アスククラウンモア,71
アスクコンナモンダ,72
アスクサヴァイバル,73
アスクセクシーモア,74
アスクデッドヒート,75
アスクデビューモア,76
アスクドゥラメンテ,77
アスクドリームモア,78
アスクナイスショー,79
アスクハッピーモア,80
アスクヒロイズガイ,81
アスクビギンアゲン,82
アスクビックスター,83
アスクヴォルテージ,84
アスコットアイ,85
アスコルティアーモ,86
アスターシッキム,87
アスターディンブラ,88
アスターブジエ,89
アスタールフナ,90
アスティスプマンテ,91
アステルリヴェール,92
アステロイドメア,93
アストラン,94
アスピノール,95
アスプリージャ,96
アズユーライク,97
アセンブリールーム,98
アゼム,99
アタゴバリュー,100
アタックスリー,101
アタラシイカドデニ,102
アタリダイキチ,103
アッシュバーグ,104
アッシュルバニパル,105
アッチャゴーラ,106
アッティラ,107
アットワンス,108
アップストローク,109
アップライト,110
アップリンク,111
アツィオーネ,112
アデニウム,113
アトミックフレア,114
アトラクティーボ,115
アトリウムチャペル,116
アドバンスファラオ,117
アドバンテスロード,118
アドマイヤアストラ,119
アドマイヤサジー,120
アドマイヤソラ,121
アドマイヤデイトナ,122
アドマイヤハレー,123
アドマイヤビルゴ,124
アドラビーレ,125
アドラマリク,126
アドヴァイス,127
アナスタシス,128
アナベルデアモンテ,129
アナポリス,130
アナレクタ,131
アナンシエーション,132
アニュスノーバス,133
アニュレス,134
アニラ,135
アネゴハダ,136
アネモス,137
アバットゥータ,138
アバンデル,139
アパッシメント,140
アピーリングルック,141
アファリン,142
アフトクラーティラ,143
アブキールベイ,144
アポロハクジャ,145
アポロプラネット,146
アポロルタ,147
アマイ,148
アマルフィー,149
アミグダラ,150
アミラジオネ,151
アムールドパリ,152
アムールリーベ,153
アメリカンチーフ,154
アメリカンバー,155
アメリカンビキニ,156
アメリカンピース,157
アメージング,158
アユツリー,159
アラウズ,160
アラスカフレイバー,161
アラタ,162
アラック,163
アラナコア,164
アラマンダ,165
アラモアナ,166
アラレタバシル,167
アリアルブラック,168
アリオーンスマイル,169
アリストクラシア,170
アリスヴェリテ,171
アリーバ,172
アルカラス,173
アルカンサス,174
アルクドラ,175
アルゲンテウス,176
アルゴナヴィス,177
アルシャンティ,178
アルジェンタージョ,179
アルセナール,180
アルティテュード,181
アルテヴェローチェ,182
アルデココ,183
アルデスト,184
アルデツヨシ,185
アルデムラータ,186
アルデヤーノ,187
アルデラックス,188
アルトゥーム,189
アルトシュタット,190
アルドール,191
アルナシーム,192
アルニラム,193
アルハイルフォート,194
アルバーチョ,195
アルパインハット,196
アルピノ,197
アルファヒディ,198
アルファマム,199
アルフィオーレ,200
アルベリック,201
アルマグラース,202
アルマロクザン,203
アルマーザアミール,204
アルムウーリエ,205
アルムエアフォルク,206
アルムラトゥール,207
アルヴィエンヌ,208
アルーリングタイム,209
アルーリングビュー,210
アレグランサ,211
アレグリーニ,212
アレグロブリランテ,213
アレスグート,214
アレナパラシオ,215
アレンジャー,216
アロットドリーム,217
アロヒアリイ,218
アロマデローサ,219
アロマフェリス,220
アロンズロッド,221
アロンディ,222
アローグレイシャー,223
アンエクスプロード,224
アンクルブラック,225
アンコーナ,226
アンシール,227
アンジュグルーヴ,228
アンジュフィールド,229
アンスリウムリリー,230
アンズアメ,231
アンタンシオン,232
アンダーザブリッジ,233
アンダースコア,234
アンテニトルス,235
アンテロース,236
アンデルマット,237
アンドローゼス,238
アンナバローズ,239
アンノウンウォリア,240
アンノドミニ,241
アンバードール,242
アンバーニードル,243
アンバーホーク,244
アンビバレント,245
アンピュルシオン,246
アンファング,247
アンファンテリブル,248
アンブロジアーナ,249
アンヘリート,250
アンミツヒメ,251
アンリーベイビー,252
アンリーロード,253
アヴィオンドール,254
アヴニールドブリエ,255
アークエタニティ,256
アークドール,257
アースイオス,258
アースカムイ,259
アースグレーザー,260
アースミューズ,261
アーチーテソーロ,262
アーデルリーベ,263
アートコレクション,264
アートフォーム,265
アーベントイアー,266
アーベントゾンネ,267
アーマルコライト,268
アームズレイン,269
アームブランシュ,270
アーリントンロウ,271
アールヴィヴァン,272
イエスウィズキャン,273
イエデゴロゴロ,274
イエヤス,275
イエルバブエナ,276
イエローブリック,277
イエローベリル,278
イオリ,279
イクアンロー,280
イグニション,281
イケイケドンドン,282
イコサン,283
イサチルカゼニタツ,284
イサチルシーサイド,285
イサナ,286
イスキオス,287
イスラグランデ,288
イズルード,289
イゾレエオリア,290
イタリックタイプ,291
イダイ,292
イチトゼロノアイダ,293
イッシンフラン,294
イツモニコニコ,295
イデアイゴッソウ,296
イデアブリランテ,297
イデアユウシン,298
イトウ,299
イドリス,300
イナフセド,301
イフェイオン,302
イフルジャンス,303
イブニングタイド,304
イマージョン,305
イムホテプ,306
イモルテル,307
イモータルソウル,308
イモータルバード,309
イモータルフェイム,310
イヤサカ,311
イラーナ,312
イラーレ,313
イリスアスール,314
イリスレーン,315
イリュストル,316
イリュージョン,317
イルクオーレ,318
イルザ,319
イルチルコ,320
イルディヴィーノ,321
イルヴィゴーレ,322
イングランドアイズ,323
インサイト,324
インザモーメント,325
インジケーター,326
インスタキング,327
インターポーザー,328
インテグレイト,329
インテルメディオ,330
インテンソ,331
インディゴ,332
インディゴブラック,333
インディーフィルム,334
インナモラート,335
インパクトシー,336
インブロリオ,337
インヘリット,338
インペリアルコート,339
インペリアルライン,340
インマイハート,341
インマイブラッド,342
インレット,343
インヴォーグ,344
イーグルノワール,345
イーサンバーニング,346
イージスバローズ,347
イージーゴーイング,348
イージーブリージー,349
イーブンベター,350
ウアーシュプルング,351
ウィステリアベル,352
ウィスパーボイス,353
ウィズザドリーム,354
ウィズマイマミー,355
ウィズユアドリーム,356
ウィットビーアビー,357
ウィテカービート,358
ウィノウザウェイ,359
ウィルソンウェイ,360
ウィルマテソーロ,361
ウィンウッドテール,362
ウィングコマンダー,363
ウィンターガーデン,364
ウィンターサン,365
ウィンターベル,366
ウィンダミア,367
ウィービースティ,368
ウィープディライト,369
ウイニンググレイス,370
ウインアイオライト,371
ウインアクトゥール,372
ウインアステロイド,373
ウインアルドーレ,374
ウインアレース,375
ウインイザナミ,376
ウインイメル,377
ウインイルネージュ,378
ウインエクレール,379
ウインエタンセル,380
ウインエーデル,381
ウインオーディン,382
ウインカーネリアン,383
ウインキララ,384
ウイングスオブラヴ,385
ウインシャーガス,386
ウインスティーガ,387
ウインスノーライト,388
ウインソラネル,389
ウインデイジー,390
ウイントレメンデス,391
ウイントールキン,392
ウインバグース,393
ウインフランシーズ,394
ウインヘリオドール,395
ウインベラーノ,396
ウインポセイドン,397
ウインマイルート,398
ウインマグノリア,399
ウインマスカレード,400
ウインメラナイト,401
ウインリブルマン,402
ウインリベラシオン,403
ウインルピナス,404
ウインルーティン,405
ウインレアリゼ,406
ウインレイアー,407
ウェイトゥゴー,408
ウェイビー,409
ウェイワードアクト,410
ウェットシーズン,411
ウェルカムホーム,412
ウェルキン,413
ウエスタンレーヴ,414
ウエストナウ,415
ウォルラス,416
ウォーターエルピス,417
ウォーターカルエル,418
ウォーターカルミア,419
ウォーターガーベラ,420
ウォーターキリンジ,421
ウォーターハウス,422
ウォーターリヒト,423
ウォーターリーダー,424
ウォータールグラン,425
ウッドショック,426
ウナギノボリ,427
ウフフトルンナ,428
ウフルピーク,429
ウラルト,430
ウン,431
ウンブライル,432
ウーナファータ,433
ウーバーストロング,434
エアビッグマム,435
エアファンディタ,436
エアフォースワン,437
エアメテオラ,438
エイシンアニーモ,439
エイシンアビス,440
エイシンエイト,441
エイシンオニキス,442
エイシンカリス,443
エイシンガウディ,444
エイシンジェンマ,445
エイシンスポッター,446
エイシンパンタレイ,447
エイシンフェンサー,448
エイシンレジューム,449
エイシンワンド,450
エイトスターズ,451
エイヘンハールト,452
エイムフォーエース,453
エイユーキュート,454
エイユーファイヤー,455
エイヨーアメジスト,456
エウテルペ,457
エエヤン,458
エキサイトバイオ,459
エクストラチャージ,460
エクストラノート,461
エクストラバック,462
エクセルゴールド,463
エクレア,464
エグランタイン,465
エコロアゼル,466
エコロアテナ,467
エコロエイト,468
エコロカディス,469
エコロスヴァル,470
エコロディノス,471
エコロディーナ,472
エコロドゥネス,473
エコロハート,474
エコロブレード,475
エコロルキナ,476
エコロレイズ,477
エコロレオナ,478
エコロレジーナ,479
エコロヴァルム,480
エスケンダンス,481
エスシーボニー,482
エスティメート,483
エストゥペンダ,484
エスペシャリー,485
エスペラント,486
エスペラード,487
エソテリック,488
エターナルシルバー,489
エターナルプロミス,490
エターナルライズ,491
エターナルヴィテス,492
エチャケナ,493
エッグハント,494
エテオクロス,495
エデルクローネ,496
エトヴプレ,497
エナジーショット,498
エニーサンダー,499
エネルゲイア,500
エネルジコ,501
エノラブエナ,502
エバーグルーヴ,503
エバーハピネス,504
エヒト,505
エピファランド,506
エピプランセス,507
エファルジェント,508
エブリモーメント,509
エベリンテソーロ,510
エボルヴィング,511
エポエポサン,512
エポカスピーガ,513
エポカリーナ,514
エポックヴィーナス,515
エマリオンレイ,516
エミネントキャリア,517
エミュー,518
エムズドリーム,519
エムズマインド,520
エムティエスターテ,521
エムティキング,522
エメラルドビーチ,523
エメラルドラグーン,524
エメラルハッピー,525
エラトー,526
エラン,527
エリカエクスプレス,528
エリカリーシャン,529
エリカヴィータ,530
エリジブル,531
エリセイラ,532
エリダヌス,533
エリナ,534
エリュテイア,535
エリーズダイヤ,536
エルオレンス,537
エルサトアナ,538
エルドジュリエーネ,539
エルバステラ,540
エルピーゾ,541
エルフストラック,542
エルフレスアリー,543
エルプロフェッサー,544
エレガントウインク,545
エレガントムーン,546
エレクトリックブギ,547
エレレラナキラ,548
エンゲルシュピール,549
エンゲージプライド,550
エンジェライト,551
エンジェルトリガー,552
エンジェルマーク,553
エンジェルラウンド,554
エンジェルラダー,555
エンジョイドライブ,556
エンセリオ,557
エンダードラゴン,558
エンツォウーノ,559
エンデュミオン,560
エンデューロ,561
エンドウノハナ,562
エンドレスバンカー,563
エンパイアウエスト,564
エンブレイスメント,565
エンプレスフレーム,566
エンペラーズソード,567
エンマ,568
エンヤラヴフェイス,569
エーオーキング,570
エースアビリティ,571
エーティーマクフィ,572
エーデルムート,573
エーリアル,574
エールトゥヘヴン,575
エールレヴリー,576
エールヴィリース,577
エールヴェガ,578
オアシスドール,579
オイセサン,580
オウギノカナメ,581
オウケンシルヴァー,582
オウケンボルト,583
オウバイトウリ,584
オオイリブクロ,585
オオキニ,586
オオゾラヒバリ,587
オオタチ,588
オオタニサーン,589
オカメノコイ,590
オキョンピー,591
オコジュ,592
オコタンペ,593
オゴオゴ,594
オステリア,595
オセアエクスプレス,596
オセアバトルプラン,597
オセアフラッグ,598
オソルノ,599
オソレ,600
オタマジャクシ,601
オックスリップ,602
オッシレイション,603
オデット,604
オトコギアンパン,605
オトメナシャチョウ,606
オドラニャソンソン,607
オニマル,608
オバケノキンタ,609
オビドス,610
オフザチェイン,611
オブシディアン,612
オブシディアーナ,613
オプレントジュエル,614
オベイユアマスター,615
オマツリオトコ,616
オメガキャプテン,617
オメガギネス,618
オメガショータイム,619
オメガフリーク,620
オラリオン,621
オランジー,622
オリオアルセーリオ,623
オリビアサンライズ,624
オリンポスカズマ,625
オリージネアリア,626
オリーブグリーン,627
オリーボーレン,628
オルグジェシダ,629
オルティジア,630
オルトパラティウム,631
オルミラベル,632
オレデイイノカ,633
オレノナオミ,634
オレンジジュース,635
オロパタジン,636
オンクラウドナイン,637
オンザバサラ,638
オンザブルースカイ,639
オンザムーブ,640
オンザライン,641
オンザヴィーナス,642
オーウェンズバレー,643
オーガスタフラッグ,644
オーキッドロマンス,645
オーケーカルメン,646
オーケースマイル,647
オーケーソニック,648
オーケーダイナ,649
オーサムシャドウ,650
オーサムストローク,651
オーサムピクチャ,652
オーサムユニバンス,653
オーシャントライブ,654
オーシンエイチ,655
オーシンエス,656
オーシンブーケ,657
オースミストロング,658
オースミメッシーナ,659
オースミライト,660
オースミリン,661
オードゥメール,662
オードリーバローズ,663
オーバーザドリーム,664
オーバード,665
オーラエグザート,666
オールウェズキズナ,667
オールザレイジ,668
オールデュスヴラン,669
オーレアミスト,670
オーロイプラータ,671
オーロプロサングエ,672
オーロラアーク,673
オーロラエックス,674
カイカノキセキ,675
カイコウ,676
カイタロー,677
カイトベルク,678
カイトレッド,679
カイトヴィント,680
カウスリップ,681
カウニスミエリ,682
カウネウス,683
カウンターセブン,684
カエルム,685
カガセブンスター,686
カゲンノツキ,687
カコウガン,688
カサビセンス,689
カサブランカキッド,690
カシノインディード,691
カシノエイサップ,692
カシノブレンド,693
カシマスウィープ,694
カスカナノゾミ,695
カスミヅキ,696
カズゴルティス,697
カズナリ,698
カズノマリア,699
カズプレスト,700
カズペトシーン,701
カズラポニアン,702
カゼノタカトシ,703
カップッチョ,704
カツノトゥウェルヴ,705
カツラノキサノキ,706
カテリーナ,707
カナオールウェイズ,708
カネコメシスター,709
カネコメファミリー,710
カネトシブルーム,711
カネトシブレーブ,712
カネフラ,713
カパラミプ,714
カピオラ,715
カピリナ,716
カフェアローロ,717
カフェニクス,718
カフェノーチェ,719
カフェヘニーハイ,720
カフェロワイヤル,721
カフェロワドール,722
カフジアッサム,723
カフジエニアゴン,724
カフジキームン,725
カフジジャワ,726
カフジテトラゴン,727
カフジレニウム,728
カフジヴィオレッタ,729
カプア,730
カペルブリュッケ,731
カポレイラ,732
カマチョクイン,733
カミノレアル,734
カムランベイ,735
カラギヌ,736
カラジシ,737
カラテ,738
カラフルメロディー,739
カランダッシュ,740
カラヴァジェスティ,741
カラーオブジアース,742
カリフォルニア,743
カリボール,744
カリュウ,745
カリーシ,746
カリータフェリス,747
カリーニョ,748
カリーン,749
カルストンブランド,750
カルタジローネ,751
カルテシウス,752
カルデライト,753
カルパ,754
カルマンフィルター,755
カレラエンブレマ,756
カレンシュトラウス,757
カレンマウラー,758
カレンラップスター,759
カレンルシェルブル,760
カレンワッツアップ,761
カロローザ,762
カワキタホクレア,763
カンシン,764
カンジ,765
カンティーユ,766
カンパニョーラ,767
カンピドリオ,768
カンプウ,769
カージオイド,770
カーティブヨーク,771
カーヌスティ,772
カービスベイ,773
カーフキック,774
カーボナード,775
カーミングライツ,776
カールスタード,777
カールルイコ,778
ガイ,779
ガウラスパーク,780
ガウロン,781
ガジュノリ,782
ガジュノリホワイト,783
ガビーズブラザー,784
ガラク,785
ガラスノブルース,786
ガルサブランカ,787
ガルダイア,788
ガロンヌ,789
ガンウルフ,790
ガンナール,791
ガンハンマー,792
ガンビーチ,793
ガンマジーティーピ,794
ガンモヘラクレス,795
ガーデンプランナー,796
ガールズデイアウト,797
ガールズレジェンド,798
キアニーナ,799
キスアンドクライ,800
キセキノエンジェル,801
キタサンシデン,802
キタサンダムール,803
キタサンモンドー,804
キタノアルペジオ,805
キタノクニカラ,806
キタノズエッジ,807
キタノソワレ,808
キタノチェンジ,809
キタノチャンス,810
キタノニーソング,811
キタノブライド,812
キタノブレイク,813
キタノブレイド,814
キタノプレンティ,815
キタノマーシャル,816
キタノライジン,817
キタノラブミー,818
キタノラータム,819
キタノルシール,820
キタノロワーズ,821
キタノヴァルカン,822
キチロクキャップ,823
キッズムリブシ,824
キットハナガサク,825
キボウノホシ,826
キミノナハマリア,827
キミハスコール,828
キミワクイーン,829
キムケンフォトン,830
キャストロププ,831
キャストロペペ,832
キャッスルレイク,833
キャットサンライズ,834
キャットデイ,835
キャトルエピス,836
キャニオンデシェイ,837
キャネル,838
キャピタルプレイン,839
キャピタルリッチ,840
キャプティバ,841
キャプテンシー,842
キャラメリー,843
キャリーグレイス,844
キャンディリボン,845
キャントウェイト,846
キャンドルベリー,847
キャンドルマス,848
キュクヌス,849
キュベリン,850
キューティリップ,851
キュートヘスティア,852
キュールエアザミ,853
キョウエイカンフ,854
キョウエイスレーヴ,855
キョウエイタイコ,856
キョウエイフロイデ,857
キョウエイブリッサ,858
キョウエイボニータ,859
キョウキランブ,860
キョラムン,861
キヨラ,862
キロノヴァ,863
キングオブフジ,864
キングクー,865
キングコロネット,866
キングズトゥルー,867
キングズパレス,868
キングノジョー,869
キングメーカー,870
キングリスティア,871
キントラダンサー,872
キントリヒ,873
キーウィル,874
キーウェーブ,875
キーソナタ,876
キーチファイター,877
キーブリーゼ,878
キープカルム,879
キープサインオン,880
キープスマイリング,881
キーベスト,882
ギフテッド,883
ギフテッドアベリア,884
ギフトバスケット,885
ギャラクシーナイト,886
ギャンブルルーム,887
ギリギリバイター,888
ギンガエクスプレス,889
クァタルティ,890
クアトロイヴェール,891
クィーンアドバンス,892
クイックバイオ,893
クインズアトリア,894
クインズエクレア,895
クインズコスモス,896
クインズシフォン,897
クインズシャウラ,898
クインズショコラ,899
クインズステラ,900
クインズスピカ,901
クインズセレネ,902
クインズデネブ,903
クインズプリーズ,904
クインズポラリス,905
クインズミモザ,906
クインズメレンゲ,907
クイーンズウォーク,908
クイーンパレス,909
クイーンラブ,910
クォーツァイト,911
クオレス,912
クオレプリマドンナ,913
クファシル,914
クモヒトツナイ,915
クライスラー,916
クラウドクラスター,917
クラウドセイル,918
クラウドプリーザー,919
クラウンウルル,920
クラウンシエンタ,921
クラウンジュエル,922
クラウンセト,923
クラウンハート,924
クラウンパント,925
クラシカルカイザー,926
クラシックステップ,927
クラスペディア,928
クラリティスケール,929
クラリティー,930
クラリネットソナタ,931
クラレット,932
クランドゥイユ,933
クリアクォーツ,934
クリスアーサー,935
クリスティテソーロ,936
クリスマスパレード,937
クリダーム,938
クリップクロップ,939
クリニクラウン,940
クリノウィリアム,941
クリノオデッセイ,942
クリノクイーン,943
クリノクリスタル,944
クリノグローリー,945
クリノゴッホ,946
クリノフローレンス,947
クリノマイスター,948
クリノラピダス,949
クリノリアルレディ,950
クリフウォーク,951
クリーンエア,952
クリーンリーチ,953
クルミナーレ,954
クレイプマートル,955
クレイヴィンオナー,956
クレオズニードル,957
クレバーテースト,958
クレベール,959
クレメダンジュ,960
クレーキング,961
クロシェットノエル,962
クロシオカレント,963
クロジシジョー,964
クロスマジェスティ,965
クロスライセンス,966
クロスレジーナ,967
クロックフォード,968
クロドラバール,969
クロノスバレット,970
クロースコンバット,971
クーデール,972
クールソル,973
クールミラボー,974
グッドヴァイブス,975
グラウンドビート,976
グラストンベリー,977
グラスビジョン,978
グラスビーチ,979
グラスブランシュ,980
グラニット,981
グラニットピーク,982
グラフィティアート,983
グラフレナート,984
グランアルティスタ,985
グランエシェゾー,986
グランオース,987
グランカッサ,988
グランキングオー,989
グランコネクシオン,990
グランシャット,991
グランシャーク,992
グランスターオー,993
グランスラムアスク,994
グランダイト,995
グランツアーテム,996
グランテスト,997
グランテレーズ,998
グランドエスケープ,999
グランドカリナン,1000
グランドクロス,1001
グランドゴールド,1002
グランバイオレット,1003
グランフォーブル,1004
グランプリショット,1005
グランレザンドール,1006
グランヴァルール,1007
グラヴィス,1008
グラヴィテ,1009
グラースオショコラ,1010
グリスタン,1011
グリプトグラフィ,1012
グリモワール,1013
グリュースゴット,1014
グリューネグリーン,1015
グリューネベルグ,1016
グリューヴルム,1017
グリーティングデー,1018
グリームスター,1019
グリーンライズ,1020
グルナルーフス,1021
グルーヴィーオン,1022
グルーヴビート,1023
グレイスオブゴッド,1024
グレイテストソング,1025
グレイトゲイナー,1026
グレイトフルペイン,1027
グレイトレッグ,1028
グレノークス,1029
グレン,1030
グレースルージュ,1031
グレートジーンズ,1032
グレートセンス,1033
グレートロード,1034
グロッシェン,1035
グロリアスアスペン,1036
グロリアラウス,1037
グロリオン,1038
グロワールスカイ,1039
グローサートラウム,1040
グローツラング,1041
グローリーカフェ,1042
グローリーリンク,1043
グーフドリファール,1044
ケアンズ,1045
ケイアイアニラ,1046
ケイアイオメガ,1047
ケイアイサンデラ,1048
ケイアイシェルビー,1049
ケイアイテア,1050
ケイアイブイスリー,1051
ケイアイプロキオン,1052
ケイアイマハナ,1053
ケイアイメキラ,1054
ケイアイロベージ,1055
ケイアイワカポノ,1056
ケイエイト,1057
ケイケイ,1058
ケイコウギュウゴ,1059
ケイツールピア,1060
ケイデンシーマーク,1061
ケイトポムドゥパン,1062
ケイパブル,1063
ケイマノキコウシ,1064
ケルティックハーツ,1065
ケルピー,1066
ケンエージェント,1067
ケンシャルロッテ,1068
ケンブリッジラブ,1069
ケーニッヒブルート,1070
ケープアグラス,1071
ケープウィッカム,1072
ゲイルライダー,1073
ゲインサポート,1074
ゲッティヴィラ,1075
ゲルチュタール,1076
ゲンキイッパイ,1077
ゲンジ,1078
ゲンパチムサシ,1079
コイスルシャチョウ,1080
コイモノガタリ,1081
コインアフレーズ,1082
コウジョリョウゾク,1083
コウセイケンタロス,1084
コウバイ,1085
コウユーウィズユー,1086
コガクボウ,1087
コガネノソラ,1088
ココレカ,1089
ココロエ,1090
コシュデリ,1091
コスタノヴァ,1092
コスタボニータ,1093
コスモアチーブ,1094
コスモアディラート,1095
コスモアミマネラ,1096
コスモアンソロジー,1097
コスモイシュタル,1098
コスモインディ,1099
コスモエクスプレス,1100
コスモエスパーダ,1101
コスモエスメラルダ,1102
コスモオピニオン,1103
コスモカノア,1104
コスモキュランダ,1105
コスモグローリー,1106
コスモコロネット,1107
コスモコンフェルマ,1108
コスモシャングリラ,1109
コスモジンバック,1110
コスモストーム,1111
コスモスプモーニ,1112
コスモチプリア,1113
コスモトロイメル,1114
コスモナッシュビル,1115
コスモフィネス,1116
コスモフレディ,1117
コスモブッドレア,1118
コスモマガラニカ,1119
コスモレオナルド,1120
コズミックダンサー,1121
コックリサン,1122
コッコラーレ,1123
コッレヴェッキオ,1124
コデラエネ,1125
コトリノウタウウタ,1126
コトリノサエズリ,1127
コナコースト,1128
コナベイション,1129
コパノエビータ,1130
コパノエミリア,1131
コパノニコルソン,1132
コパノハワード,1133
コパノハンプトン,1134
コパノハーン,1135
コパノパサディナ,1136
コパノマデリン,1137
コパノマロン,1138
コヒロ,1139
コムユンプリュム,1140
コムーネ,1141
コラリン,1142
コリエドール,1143
コリカンチャ,1144
コルデアニル,1145
コルドンブルー,1146
コルネイユドール,1147
コルヴィーナ,1148
コレクテイニア,1149
コレペティトール,1150
コンクイスタ,1151
コンクシェル,1152
コンサートツアー,1153
コンストラクション,1154
コンセントレイト,1155
コンタンゴ,1156
コンティオ,1157
コンティノアール,1158
コンテナライン,1159
コンテナワールド,1160
コントリビュート,1161
コンバットペスカ,1162
コンパクトファイト,1163
コートリーバウ,1164
コーパスクリスティ,1165
コーラルクラウン,1166
ゴットランド,1167
ゴットリープ,1168
ゴッドエスパーダ,1169
ゴッドテソロ,1170
ゴッドトレジャー,1171
ゴッドブルービー,1172
ゴッドペイズリー,1173
ゴッドヴァレー,1174
ゴルティス,1175
ゴルデールスカー,1176
ゴルトリッチ,1177
ゴレイジョウ,1178
ゴンザーゴ,1179
ゴンドワナ,1180
ゴヴェルナーレリコ,1181
ゴーオンパーパス,1182
ゴーゴータカシ,1183
ゴーゴーユタカ,1184
ゴージャス,1185
ゴージョニーゴー,1186
ゴーソーファー,1187
ゴーツウキリシマ,1188
ゴートゥーミジョカ,1189
ゴールデンオスカー,1190
ゴールデンカイト,1191
ゴールデンクラウド,1192
ゴールデンシロップ,1193
ゴールデンスナップ,1194
ゴールドアローン,1195
ゴールドエクリプス,1196
ゴールドサーベル,1197
ゴールドシリカ,1198
ゴールドジェネラル,1199
ゴールドスター,1200
ゴールドストーム,1201
ゴールドダイアー,1202
ゴールドハンマー,1203
ゴールドバランサー,1204
ゴールドパートナー,1205
ゴールドブレス,1206
ゴールドプレミアム,1207
ゴールドリッカ,1208
ゴールドリバース,1209
サイドキック,1210
サイモンイロハニー,1211
サイモングリット,1212
サイモンザナドゥ,1213
サイモンシュバリエ,1214
サイモンプレジール,1215
サイモンベローチェ,1216
サイモンメガライズ,1217
サイモンルモンド,1218
サイヤダンサー,1219
サイレンスゴールド,1220
サイード,1221
サウザンサニー,1222
サウンドアレグリア,1223
サウンドアンフィニ,1224
サウンドウォリアー,1225
サウンドバッハ,1226
サウンドブライアン,1227
サク,1228
サクセスドレーク,1229
サクセスバラード,1230
サクソンジェンヌ,1231
サクハル,1232
サクラアドリア,1233
サクラオーラ,1234
サクラコーラル,1235
サクラサルーテ,1236
サクラジマ,1237
サクラトゥジュール,1238
サクラトップヒル,1239
サクラトップリアル,1240
サクラトップワード,1241
ササヤキ,1242
サザンステート,1243
サザンレイク,1244
サザーランド,1245
サスツルギ,1246
サダムオプシス,1247
サダメ,1248
サダルメリク,1249
サッカレッロ,1250
サツキノジョウ,1251
サツキレジーナ,1252
サトノアイオライト,1253
サトノアルタイル,1254
サトノアルペジオ,1255
サトノエピック,1256
サトノガレオン,1257
サトノグランツ,1258
サトノグレイト,1259
サトノシャムロック,1260
サトノスカイターフ,1261
サトノフォーミュラ,1262
サトノブリジャール,1263
サトノベリル,1264
サトノラッシュ,1265
サトノラポール,1266
サトノルフィアン,1267
サトノレイズ,1268
サトノヴィレ,1269
サトミノエンジェル,1270
サトミノキラリ,1271
サトミノマリア,1272
サニーオーシャン,1273
サニーネイチャー,1274
サノノエスポ,1275
サノノロンドン,1276
サノノワンダー,1277
サハラヴァンクール,1278
サパテアール,1279
サファイアブルー,1280
サファリ,1281
サフランキララ,1282
サブアトミック,1283
サベージラヴ,1284
サマニタイショウ,1285
サマーアゲイン,1286
サマースイートピー,1287
サマーブライド,1288
サミダレナイツ,1289
サムシャイン,1290
サヤヒメ,1291
サヨノジャンボリー,1292
サラコスティ,1293
サラサエンペラー,1294
サラダ,1295
サラトガチップス,1296
サラニキケン,1297
サラフィエル,1298
サリエラ,1299
サリーチャン,1300
サルサロッサ,1301
サルタール,1302
サルヴィアーノ,1303
サルーポルティ,1304
サンウリエル,1305
サンカルミア,1306
サンクフィーユ,1307
サンクリュウ,1308
サングラデーション,1309
サンコンクエスト,1310
サンジャシント,1311
サンスノーホワイト,1312
サンズ,1313
サンセットブライト,1314
サンタンカ,1315
サンディエゴ,1316
サンディブロンド,1317
サンデーファンデー,1318
サントレッダー,1319
サンドブラスト,1320
サンノーブル,1321
サンパギータチャン,1322
サンピエーリ,1323
サンピノン,1324
サンマイメ,1325
サンマルグレイト,1326
サンマルストロング,1327
サンマルソムニア,1328
サンマルパトロール,1329
サンマルヴァレー,1330
サンムーン,1331
サンライズアリオン,1332
サンライズアレス,1333
サンライズアース,1334
サンライズオネスト,1335
サンライズグルーヴ,1336
サンライズゴラッソ,1337
サンライズジパング,1338
サンライズジュピタ,1339
サンライズソレイユ,1340
サンライズタイソン,1341
サンライズフレイム,1342
サンライズブレイク,1343
サンライズプルート,1344
サンライズプロミス,1345
サンライズミモザ,1346
サンライズロジャー,1347
サンライズロナウド,1348
サンライズロンドン,1349
サンリコリス,1350
サンリットアワーズ,1351
サンレイマリー,1352
サンレンブイ,1353
サンロレンツォ,1354
サークルオブジョイ,1355
サーストンシカゴ,1356
サーフプラチナム,1357
サーマルウインド,1358
サーマルソアリング,1359
ザイル,1360
ザウリ,1361
ザカリナン,1362
ザスリーサーティ,1363
ザセンチュリー,1364
ザハント,1365
ザラタン,1366
ザレストノーウェア,1367
ザロック,1368
ザローズハーツ,1369
シアター,1370
シアトルプリンセス,1371
シェイクユアハート,1372
シェーラ,1373
シェーンシュティア,1374
シエルルビー,1375
シカゴスティング,1376
シカレ,1377
シグムンド,1378
シグルドリーヴァ,1379
シゲルオトヒメ,1380
シゲルソロソロ,1381
シックザイン,1382
シップオブラヴ,1383
シドニーホバート,1384
シナツヒメ,1385
シバノストムキット,1386
シプレーノート,1387
シベリアンデネブ,1388
シホリーン,1389
シマサンブラック,1390
シャイニーカラーズ,1391
シャイニーシップ,1392
シャイニースイフト,1393
シャインバオバブ,1394
シャインフリーリー,1395
シャインベック,1396
シャインモノリス,1397
シャインヴィーナス,1398
シャカシャカシー,1399
シャドウキャッスル,1400
シャドウフューリー,1401
シャドウルパン,1402
シャドーストライク,1403
シャハザマーン,1404
シャパリュ,1405
シャルクハフト,1406
シャルメイビス,1407
シャンソンドール,1408
シャンドゥレール,1409
シャンハイナイト,1410
シャンパングラス,1411
シャンパンゴールド,1412
シャヴィット,1413
シャーリーゴールド,1414
シュエットアムール,1415
シュガーコルト,1416
シュガーハイ,1417
シュタールヴィント,1418
シュテルンビルト,1419
シュテルンロット,1420
シュトラウス,1421
シュニー,1422
シュネーグロッケン,1423
シュバルツカイザー,1424
シュバルツマサムネ,1425
シュピカ,1426
シュブリーム,1427
シュブロンレーヴル,1428
シュプリンガー,1429
シュラザック,1430
シュレン,1431
シュヴァルノワール,1432
シュヴェルトライテ,1433
シュークリーム,1434
ショウサンキズナ,1435
ショウナンアデイブ,1436
ショウナンアビアス,1437
ショウナンアレクサ,1438
ショウナンカチドキ,1439
ショウナンカブト,1440
ショウナンガチ,1441
ショウナンタハティ,1442
ショウナンダール,1443
ショウナンハウル,1444
ショウナンバージ,1445
ショウナンマハト,1446
ショウナンマリーナ,1447
ショウナンライシン,1448
ショウナンラウール,1449
ショウナンラスボス,1450
ショウナンラピダス,1451
ショウナンラフィネ,1452
ショウナンラプンタ,1453
ショウブダッシュ,1454
ショウリュウアサヒ,1455
ショウリュウシエル,1456
ショージージョ,1457
ショーヘーフェイス,1458
ショーモン,1459
シリウス,1460
シリウスライト,1461
シルキーガール,1462
シルキーヴォイス,1463
シルバージュエリー,1464
シルバーダイヤ,1465
シルフズミスチーフ,1466
シルヴァーゴースト,1467
シロン,1468
シンガソング,1469
シンゼンイズモ,1470
シンゼンカガ,1471
シンゼンシャイン,1472
シンティレーション,1473
シンデレラスマイル,1474
シンデレラダッシュ,1475
シンドバッド,1476
シンドリームシン,1477
シンヒダカゴールド,1478
シンビリーブ,1479
シンフォーエバー,1480
シンヨモギネス,1481
シンリョクカ,1482
シーアンドスカイ,1483
シーオン,1484
シークザドリーム,1485
シークレットキー,1486
シークレットマター,1487
シークレットヴァウ,1488
シーザサンライズ,1489
シーズンリッチ,1490
シーリュウシー,1491
ジェイエルケープ,1492
ジェイエルトランス,1493
ジェイエルバルカー,1494
ジェイエルライナー,1495
ジェイパームス,1496
ジェシーテソーロ,1497
ジェニファー,1498
ジェバーダ,1499
ジェムステート,1500
ジェントルバローズ,1501
ジェンマ,1502
ジオフロント,1503
ジッピーレーサー,1504
ジャガード,1505
ジャクソン,1506
ジャグアール,1507
ジャコエンペラー,1508
ジャサルディア,1509
ジャスティンアロー,1510
ジャスティンアース,1511
ジャスティンガルフ,1512
ジャスティンスカイ,1513
ジャスティントレノ,1514
ジャストキングダム,1515
ジャスパーゴールド,1516
ジャスパージェット,1517
ジャスパーノベル,1518
ジャスパーノワール,1519
ジャスパーバローズ,1520
ジャスミン,1521
ジャスリー,1522
ジャズ,1523
ジャニーヌ,1524
ジャミラヌール,1525
ジャルディニエ,1526
ジャンカズマ,1527
ジャングロ,1528
ジャンビ,1529
ジャヴェール,1530
ジュエリーメモリー,1531
ジュタ,1532
ジュンアベリアシノ,1533
ジュンウィンダム,1534
ジュンツバメガエシ,1535
ジュントネフ,1536
ジュントミー,1537
ジュンベルベット,1538
ジュールスレーヴ,1539
ジューンアルテミス,1540
ジューンエオス,1541
ジューンオレンジ,1542
ジューンノールック,1543
ジューンポンポン,1544
ジョイナーテソーロ,1545
ジョウショーサクラ,1546
ジョウショーパワー,1547
ジョウショーポプリ,1548
ジョセフィーナ,1549
ジョディーズマロン,1550
ジョリーレーヌ,1551
ジョワイユノエル,1552
ジョヴィアン,1553
ジョージテソーロ,1554
ジョータルマエ,1555
ジョーブラック,1556
ジルクン,1557
ジルバーン,1558
ジロラータ,1559
ジンガー,1560
ジーククローネ,1561
ジークシュベルト,1562
ジークマインド,1563
ジークルーネ,1564
ジーゲル,1565
ジーティーアグリム,1566
ジーティーアダマン,1567
ジーティーアムール,1568
ジーティーアメリカ,1569
ジーティーウララ,1570
ジーティーエスピ,1571
ジーティーエンジン,1572
ジーティーカメリア,1573
ジーティーグロウ,1574
ジーティーパワー,1575
ジーティーパール,1576
ジーティービート,1577
ジーティーブライト,1578
ジーティーマン,1579
ジーティームソウ,1580
ジーティーワラワラ,1581
ジーベック,1582
スイングボーイ,1583
スイープアワーズ,1584
スイープビクトリー,1585
スイープライズ,1586
スウィートスカー,1587
スウィープレジーナ,1588
スカイアクセル,1589
スカイダイバー,1590
スカイハイ,1591
スカイブルー,1592
スカイリスト,1593
スカパラダイス,1594
スカプラリオ,1595
スカーズ,1596
スギノペガサス,1597
スコプルス,1598
スコラーリ,1599
スコーピオンイメル,1600
スザンナ,1601
スズカキング,1602
スズカコテキタイ,1603
スズカコーズ,1604
スズカハービン,1605
スズカミエール,1606
スズカルビコン,1607
スズノイナズマ,1608
スズノマーベリック,1609
スズノレイライン,1610
スタイラスメソッド,1611
スタニングヴュー,1612
スタボーンイメル,1613
スタンピー,1614
スターアイズ,1615
スタークルージング,1616
スターコンパス,1617
スターザサンライズ,1618
スターターン,1619
スターチスブーケ,1620
スターチョウサン,1621
スターペスカオリ,1622
スターライトナイト,1623
スターランウェイ,1624
ステアハート,1625
スティックバイミー,1626
スティレセイル,1627
スティールブルー,1628
スティーヴバローズ,1629
ステイアンビシャス,1630
ステイクオール,1631
ステイトゥルー,1632
ステラスプレンダー,1633
ステラバルセロナ,1634
ステラマテュティナ,1635
ステレオプシス,1636
ステークホルダー,1637
ストキャスティーク,1638
ストライク,1639
ストラスブール,1640
ストラニエーロ,1641
ストリンジェンド,1642
ストレイトアスク,1643
ストレイトトーカー,1644
ストレートブラック,1645
ストロングウィル,1646
ストームバンガード,1647
スナイチゴールド,1648
スナッピードレッサ,1649
スナドケイ,1650
スナークサンダー,1651
スナークシュンソウ,1652
スナークピカソ,1653
スナークラファエロ,1654
スナークレジスト,1655
スネーフリンガ,1656
スノーグレース,1657
スノーホルンロード,1658
スノーライトニング,1659
スパイウェア,1660
スパイラルビジョン,1661
スパークタイムリー,1662
スパークリシャール,1663
スピニングマーリン,1664
スピリットガイド,1665
スピリットライズ,1666
スピーディブレイク,1667
スピードイエロー,1668
スピードオブライト,1669
スピードパンサー,1670
スフレ,1671
スプランドゥール,1672
スプリット,1673
スプリングノヴァ,1674
スプレモフレイバー,1675
スペイドアン,1676
スペキオサレジーナ,1677
スペシャリスト,1678
スペシャルナンバー,1679
スペースリーガ,1680
スペードギニー,1681
スマイルインザサン,1682
スマイルディシー,1683
スマッシュアウト,1684
スマラグドス,1685
スマートアイ,1686
スマートイザナミ,1687
スマートクオーレ,1688
スマートクラビ,1689
スマートケープ,1690
スマートサターン,1691
スマートサニー,1692
スマートジェイナ,1693
スマートテンペスト,1694
スマートフランキー,1695
スマートブル,1696
スマートプレシャス,1697
スマートロベール,1698
スミ,1699
スムースオペレター,1700
スメラギ,1701
スリリングチェイス,1702
スリーアイランド,1703
スリーキングス,1704
スリーセンス,1705
スリーソング,1706
スリーラーケン,1707
スリーレジェンド,1708
スリーローズマリー,1709
スレイマン,1710
スワローサプライズ,1711
スヴァルナ,1712
スヴァローグ,1713
スーサンアッシャー,1714
スーパーアグリ,1715
スーパーチャンド,1716
スーパーチャージ,1717
スーパーホース,1718
スーパーマン,1719
セイウンオウカ,1720
セイウンオスミウム,1721
セイウンガレオン,1722
セイウングレイ,1723
セイウンサニー,1724
セイウンティーダ,1725
セイウンデセオ,1726
セイウンパシュート,1727
セイウンビッグバン,1728
セイウンピカイチ,1729
セイウンプラチナ,1730
セイウンマカロン,1731
セイウンヤタガラス,1732
セイウンユズカ,1733
セイカエイレーネー,1734
セイキュート,1735
セイゲン,1736
セイノスケ,1737
セイプリーズ,1738
セイムトゥーユー,1739
セイラダンサー,1740
セイリオス,1741
セイルロケット,1742
セオ,1743
セキトバイースト,1744
セギレエルビエント,1745
セクシーブーケ,1746
セクシーマージュ,1747
セサンパ,1748
セシアンベリル,1749
セゾンデフィーユ,1750
セッカチドラゴン,1751
セッタレダスト,1752
セッテイロク,1753
セットアップ,1754
セットリスト,1755
セディバン,1756
セナスタイル,1757
セファーラジエル,1758
セブンスストリート,1759
セブンスレター,1760
セブンマジシャン,1761
セブンメデュラス,1762
セボンサデッセ,1763
セラード,1764
セリナピース,1765
セルズパワー,1766
セルバーグ,1767
セルヴァンス,1768
セレクティオ,1769
セレブウマザンマイ,1770
セレブレイトガイズ,1771
セレーネアステール,1772
センタースリール,1773
センツブラッド,1774
セントカメリア,1775
セントキルダ,1776
セントメモリーズ,1777
セントラルヴァレー,1778
セントールビースト,1779
センビトウリョウ,1780
セージグリーン,1781
ゼアズノープレイス,1782
ゼットスパンキー,1783
ゼットダイヤ,1784
ゼットレジーナ,1785
ゼットレヨン,1786
ゼロスネーク,1787
ゼンカイパイロ,1788
ゼンソレイユ,1789
ゼンダンスバシリ,1790
ゼンダントモニ,1791
ゼンダンハヤブサ,1792
ゼンノインヴォーク,1793
ゼンブママノセイ,1794
ソアラ,1795
ソイジャガー,1796
ソウテン,1797
ソウルアンドジャズ,1798
ソニックステップ,1799
ソニックドライブ,1800
ソラムパレード,1801
ソリダリティ,1802
ソルエパトリオット,1803
ソルデマジョ,1804
ソルトクィーン,1805
ソルトブリーズ,1806
ソルトミラクル,1807
ソルドラード,1808
ソルナシエンテ,1809
ソルレーヴ,1810
ソレイケギンチャン,1811
ソレルビュレット,1812
ソングコレクター,1813
ソングフォーユー,1814
ソンシ,1815
ソーダーンライト,1816
ソードナイト,1817
ソーニャシュニク,1818
ゾンニッヒ,1819
タイガースパーク,1820
タイガーヴィーナス,1821
タイキエルキーオ,1822
タイキクロニクル,1823
タイキバルドル,1824
タイキフィアリーベ,1825
タイキフェニックス,1826
タイキラフター,1827
タイキヴァンクール,1828
タイショウロマン,1829
タイセイアズーロ,1830
タイセイアディクト,1831
タイセイアレス,1832
タイセイアーサー,1833
タイセイウーノ,1834
タイセイカレント,1835
タイセイキューティ,1836
タイセイグレーター,1837
タイセイシェダル,1838
タイセイデクスター,1839
タイセイバンクール,1840
タイセイピューマ,1841
タイセイフェリーク,1842
タイセイブリリオ,1843
タイセイブレイズ,1844
タイセイブロウ,1845
タイセイプランセス,1846
タイセイミッション,1847
タイセイリコルド,1848
タイセイルシエル,1849
タイトニット,1850
タイニービキニ,1851
タイムイズマネー,1852
タイムレス,1853
タイヨウノキセツ,1854
タイラーテソーロ,1855
タカイチナダル,1856
タカサンフェイス,1857
タカネノハナコサン,1858
タカミノガコイ,1859
タガノアビー,1860
タガノアレハンドラ,1861
タガノエスコート,1862
タガノエリザベス,1863
タガノクリステル,1864
タガノサダフ,1865
タガノシャーンス,1866
タガノスペルノヴァ,1867
タガノチュール,1868
タガノチョコラータ,1869
タガノテツ,1870
タガノデュード,1871
タガノバビロン,1872
タガノバルコス,1873
タガノヒナタ,1874
タガノビギニング,1875
タガノビジネス,1876
タガノポストマン,1877
タガノマカシヤ,1878
タガノマルアフ,1879
タガノミスト,1880
タガノミナミ,1881
タガノミモザ,1882
タキ,1883
タギマサダス,1884
タケノシンセイ,1885
タケノリッチ,1886
タケルハーロック,1887
タシット,1888
タッカー,1889
タッカーバリアント,1890
タッセル,1891
タッチアンドムーブ,1892
タッチウッド,1893
タッチザシーリング,1894
タナサンブラック,1895
タナバタ,1896
タニセンダイヤ,1897
タプファーアイ,1898
タベザカリ,1899
タマカヅラ,1900
タマモアオゾラ,1901
タマモエース,1902
タマモクロッシェ,1903
タマモスノーダンス,1904
タマモダイジョッキ,1905
タマモティーカップ,1906
タマモトリノ,1907
タマモプルメリア,1908
タマモマサユメ,1909
タマモランプ,1910
タマモロック,1911
タリエシン,1912
タルタロス,1913
タンジェントアーク,1914
ターニングアップ,1915
ダイオジェナイト,1916
ダイゴセイリュウ,1917
ダイシンアポロン,1918
ダイシンサンディー,1919
ダイシンリンク,1920
ダイスアローリング,1921
ダイタジャスティス,1922
ダイチジェム,1923
ダイチラファール,1924
ダイチラポール,1925
ダイメイハッピー,1926
ダイメイハマダ,1927
ダイヤノゴトク,1928
ダイヤモンド,1929
ダイユウボンバー,1930
ダイユウルージュ,1931
ダウントゥアース,1932
ダカラフェスティヴ,1933
ダシータピット,1934
ダスク,1935
ダズリングダンス,1936
ダテボレアス,1937
ダディーズアイル,1938
ダディーズグーグー,1939
ダディーズトリップ,1940
ダディーズビビッド,1941
ダニエルバローズ,1942
ダノンアルム,1943
ダノンアンチュラス,1944
ダノンカローネ,1945
ダノングレイ,1946
ダノンジャッカル,1947
ダノンスウィッチ,1948
ダノンセンチュリー,1949
ダノンタッチダウン,1950
ダノンターキッシュ,1951
ダノンデサイル,1952
ダノンフロイデ,1953
ダノンブリザード,1954
ダノンブロッサム,1955
ダノンペドロ,1956
ダノンポセイドン,1957
ダノンミッション,1958
ダノンメナージュ,1959
ダノンリュラ,1960
ダブルシルバー,1961
ダブルジャッジ,1962
ダブルジョーク,1963
ダブルドラゴン,1964
ダブルハートボンド,1965
ダブルメッセージ,1966
ダミエ,1967
ダンタリオン,1968
ダンツアトム,1969
ダンツエスプリ,1970
ダンツトラバース,1971
ダンツドール,1972
ダンツファイター,1973
ダークエクリプス,1974
ダークブロンド,1975
ダークンストーミー,1976
チアフォーアス,1977
チェンジオブハート,1978
チカポコ,1979
チカミリオン,1980
チギリ,1981
チザルピーノ,1982
チッピンガム,1983
チムグクル,1984
チムニートップス,1985
チムニーパイプ,1986
チャイボーグ,1987
チャチャピンク,1988
チャックネイト,1989
チャンキーバングル,1990
チャンネルトンネル,1991
チャンピオンリボン,1992
チャールズテソーロ,1993
チュウジョウ,1994
チュウワエース,1995
チュウワキャリア,1996
チュウワクリスエス,1997
チュウワダンス,1998
チュウワチーフ,1999
チュウワハート,2000
チュウワモーニング,2001
チュッチュポッポ,2002
チュラビックタイム,2003
チュンビーム,2004
チューラワンサ,2005
チョウハクタカ,2006
チョウハチ,2007
チョウヒカリ,2008
チョコレートミルク,2009
チョングク,2010
チルカーノ,2011
チンプンカンプン,2012
ツインギ,2013
ツインクルステージ,2014
ツインビスケッツ,2015
ツインピークス,2016
ツクバスマイリー,2017
ツリートップムーン,2018
ツルマウカタチ,2019
ツーエムクロノス,2020
ツーピース,2021
ティアップマッハ,2022
ティアップリオン,2023
ティエラサンタ,2024
ティティナ,2025
ティムール,2026
ティラトーレ,2027
ティルドーン,2028
ティンク,2029
ティンティンデオ,2030
ティータイム,2031
ティーラミレス,2032
テイエムエメラルド,2033
テイエムコジーン,2034
テイエムシップ,2035
テイエムシニスター,2036
テイエムジェネラル,2037
テイエムタリスマ,2038
テイエムタワードン,2039
テイエムダイスター,2040
テイエムダイタカ,2041
テイエムデンセツ,2042
テイエムドリーマー,2043
テイエムドレミラン,2044
テイエムナイスラン,2045
テイエムバゴオウ,2046
テイエムパイロット,2047
テイエムパンサー,2048
テイエムファラオ,2049
テイエムボビーダン,2050
テイエムマジック,2051
テイクイットオール,2052
テイクザクラウン,2053
テイケイウル,2054
テイデ,2055
テキーラワルツ,2056
テクネチウム,2057
テクノグルーヴ,2058
テスティモーネ,2059
テセラリアン,2060
テットドール,2061
テリオスサラ,2062
テリオスミナ,2063
テリオスルナ,2064
テルアスワッド,2065
テルケンユミカグラ,2066
テルケンレングレー,2067
テルユアワールド,2068
テンエースワン,2069
テンカオーライ,2070
テンクウハット,2071
テンダリー,2072
テントウムシサンバ,2073
テンドリームガール,2074
テンフレッシュ,2075
テンプーシャオン,2076
テンペスタリー,2077
テンミラージュ,2078
テンメジャーガール,2079
テーオーウィルソン,2080
テーオーエルビス,2081
テーオーコンドル,2082
テーオーシュターデ,2083
テーオーテバルディ,2084
テーオートムソン,2085
テーオードラッカー,2086
テーオーノーベル,2087
テーオーパスワード,2088
テーオーマルコーニ,2089
テーオーライマン,2090
テーオーリカード,2091
テーオールノワール,2092
テーオールビー,2093
テーオーレガシー,2094
デアリングエア,2095
ディアイライザ,2096
ディアウス,2097
ディアマイサン,2098
ディアマイハニー,2099
ディアマンドロップ,2100
ディオアステリア,2101
ディオスバリエンテ,2102
ディオデルマーレ,2103
ディクシーヴォーグ,2104
ディクレアブルーム,2105
ディザーヴユー,2106
ディスタービア,2107
ディスパラール,2108
ディズレーリ,2109
ディナースタ,2110
ディニテ,2111
ディフューズ,2112
ディベルティスマン,2113
ディマイザキッド,2114
ディライトベル,2115
ディヴァインスター,2116
ディヴァージオン,2117
ディーエスショウマ,2118
ディーノサンライズ,2119
ディープオーシャン,2120
ディープカインズ,2121
ディープサミット,2122
ディープマインド,2123
ディープモンスター,2124
ディープリッチ,2125
ディープリボーン,2126
ディープレイヤー,2127
デイトナモード,2128
デザフィアドール,2129
デザートスター,2130
デシマルサーガ,2131
デスティニーホープ,2132
デスティノ,2133
デファイ,2134
デフィニティーボ,2135
デボラ,2136
デュエルシャポー,2137
デュジャック,2138
デュードメール,2139
デリシュレーヌ,2140
デリツィオーサ,2141
デリュージョン,2142
デルアヴァー,2143
デルタウェーブ,2144
デルマカリスト,2145
デルマガニメデ,2146
デルマケセラセラ,2147
デルマサクラサク,2148
デルマシルフ,2149
デルマタモン,2150
デルマラメール,2151
デンリッレハウエル,2152
トゥインクルアップ,2153
トゥザヒロイン,2154
トゥデイイズザデイ,2155
トゥラッタッタ,2156
トゥラムプラッツ,2157
トゥルブレンシア,2158
トゥルブレンツ,2159
トゥルーサクセサー,2160
トゥルース,2161
トゥロン,2162
トウカイクレオス,2163
トウカイディアマン,2164
トウカイファクター,2165
トウカイポワール,2166
トウショウクラウド,2167
トウシンカーリン,2168
トウシンバカラ,2169
トウセツ,2170
トウタツ,2171
トウテイラン,2172
トウロウノオノ,2173
トキメキジニア,2174
トクシーカイザー,2175
トクシージェネラル,2176
トクシースタローン,2177
トッピボーン,2178
トップオブジェラス,2179
トップレジェンド,2180
トモジャアルマンド,2181
トモジャオッシュ,2182
トモジャシック,2183
トモジャシャトー,2184
トライゴーニック,2185
トライデント,2186
トライデントスピア,2187
トラスティソード,2188
トラストモアリズム,2189
トラストユー,2190
トラファルガー,2191
トラペジスト,2192
トラマンダーレ,2193
トラモント,2194
トランシルヴァニア,2195
トラヴェリンバンド,2196
トリグラフ,2197
トリップトゥムーン,2198
トリプレーテ,2199
トリリオンボーイ,2200
トルストイ,2201
トルーティクス,2202
トルーマンテソーロ,2203
トレサフィール,2204
トレジャーハウス,2205
トレヴィ,2206
トレヴィーテ,2207
トロピカルヒーロー,2208
トロピカルライト,2209
トロピカルレイン,2210
トロワヴァレー,2211
トロヴァトーレ,2212
トワイライトシティ,2213
トーアアイギス,2214
トーアカフウ,2215
トーアモルペウス,2216
トーアライデン,2217
トーアローダンテ,2218
トーケンサワー,2219
トーセンアウローラ,2220
トーセンアシュリー,2221
トーセンギャラン,2222
トーセンサンダー,2223
トーセンニック,2224
トーセンビギン,2225
トーセンペネロペ,2226
トーセンリバーブ,2227
トーセンリョウ,2228
トーホウキザン,2229
トーホウディアス,2230
トーホウフランゴ,2231
トーラスキング,2232
トーラスシャイン,2233
トールキン,2234
トーレ,2235
ドゥアイズ,2236
ドゥアムール,2237
ドゥカート,2238
ドゥドゥ,2239
ドゥライト,2240
ドゥラエレーデ,2241
ドゥラモンド,2242
ドゥラリス,2243
ドゥレイクパセージ,2244
ドゥータップ,2245
ドクターストップ,2246
ドグマ,2247
ドッビアーコ,2248
ドナアフロディテ,2249
ドナコルコバド,2250
ドナレア,2251
ドナヴィーナス,2252
ドバイミッション,2253
ドラギニャン,2254
ドラゴン,2255
ドラゴンウェルズ,2256
ドラゴンゴクウ,2257
ドラゴンテイラー,2258
ドラゴンバスター,2259
ドラゴンブースト,2260
ドラゴンラック,2261
ドラマツルギー,2262
ドランクマン,2263
ドリフトウッド,2264
ドリームアンコール,2265
ドリームクルーズ,2266
ドロップオブライト,2267
ドンアポロン,2268
ドンアレス,2269
ドンインザムード,2270
ドントレットゴー,2271
ドンパッショーネ,2272
ドンフランキー,2273
ドーギッド,2274
ドーサンドーサン,2275
ドーバーホーク,2276
ナイスガイ,2277
ナイトアウェイ,2278
ナイトアクアリウム,2279
ナイトインロンドン,2280
ナイトエラント,2281
ナイトスラッガー,2282
ナインオブレター,2283
ナインダーツ,2284
ナクライト,2285
ナゲットモンスター,2286
ナスティウェザー,2287
ナチュラルハイ,2288
ナチュラルリバー,2289
ナッカーフェイス,2290
ナックイルシーブ,2291
ナックエルドラド,2292
ナックオリオン,2293
ナックシュバリエ,2294
ナックダンス,2295
ナックトライアンフ,2296
ナナオ,2297
ナムアミダブツ,2298
ナムライリス,2299
ナムラエイハブ,2300
ナムラエデン,2301
ナムラカミカゼ,2302
ナムラクララ,2303
ナムラシベラ,2304
ナムラジミー,2305
ナムラトロム,2306
ナムラドーギー,2307
ナムラフィクサー,2308
ナムラフッカー,2309
ナムラブーニン,2310
ナムラモモ,2311
ナムララジベラ,2312
ナムラルッコラ,2313
ナムラローズマリー,2314
ナムラローラ,2315
ナリタヒカリ,2316
ナリタフォルテ,2317
ナリノボガート,2318
ナルカミ,2319
ナルサー,2320
ナンゴクトップガン,2321
ナンナンプー,2322
ナンヨークリスタル,2323
ナンヨーパワフル,2324
ニコラウス,2325
ニシノアヤカゼ,2326
ニシノイストワール,2327
ニシノイッキサス,2328
ニシノイツキムスメ,2329
ニシノインヴィクタ,2330
ニシノエピカリ,2331
ニシノエンデヴァー,2332
ニシノエージェント,2333
ニシノオーブ,2334
ニシノカスガイ,2335
ニシノクードクール,2336
ニシノコイゴコロ,2337
ニシノコイネガイ,2338
ニシノコイブミ,2339
ニシノコウダイ,2340
ニシノコウフク,2341
ニシノコニャック,2342
ニシノコマチムスメ,2343
ニシノザイホウ,2344
ニシノジェダイ,2345
ニシノジョバンニ,2346
ニシノステディミキ,2347
ニシノタンギー,2348
ニシノティターニア,2349
ニシノテュケ,2350
ニシノパプルブリリ,2351
ニシノヒナアラレ,2352
ニシノヒミチュ,2353
ニシノヒルブライト,2354
ニシノピウモッソ,2355
ニシノフローレス,2356
ニシノプライム,2357
ニシノベニトアイト,2358
ニシノライコウ,2359
ニシノラヴァンダ,2360
ニシノリアリティ,2361
ニシノリンダ,2362
ニシノルアノーヴァ,2363
ニシノルミリオン,2364
ニシノレバンテ,2365
ニシノレヴナント,2366
ニットウバジル,2367
ニフェーデービル,2368
ニホンピロデヴィン,2369
ニホンピロトッティ,2370
ニホンピロハーバー,2371
ニホンピロマリブ,2372
ニホンピロマリンバ,2373
ニューウォーク,2374
ニュークレド,2375
ニューノーマル,2376
ニューファウンド,2377
ニューモニュメント,2378
ニューヤンキー,2379
ニルアドミラリ,2380
ニンギルス,2381
ニンマリ,2382
ニヴルヘイム,2383
ニーケアイリス,2384
ヌンボラ,2385
ヌーヴェルソール,2386
ヌーヴォルミエール,2387
ネイサン,2388
ネイチャーシップ,2389
ネイチャーズロウ,2390
ネイト,2391
ネイビースター,2392
ネイルンノ,2393
ネオディヤマンテ,2394
ネクストダンサー,2395
ネクストヒロイン,2396
ネスト,2397
ネッケツシャチョウ,2398
ネトル,2399
ネバレチュゴー,2400
ネバーモア,2401
ネバーランドリーム,2402
ネビュルーズ,2403
ネポティズムベビー,2404
ネーブルオレンジ,2405
ネーヴェフレスカ,2406
ノアスペシャル,2407
ノアファースト,2408
ノアフェイス,2409
ノイエムジーク,2410
ノイシュタット,2411
ノクターン,2412
ノクナレア,2413
ノブノリオウ,2414
ノボリクレバー,2415
ノボリディアマン,2416
ノボリユーミン,2417
ノボリリア,2418
ノメンターノ,2419
ノラリクラリ,2420
ノリピー,2421
ノワールエブラン,2422
ノンスタンダルド,2423
ノヴァエクスプレス,2424
ノースカトレア,2425
ノースグロリア,2426
ノースディーバ,2427
ノーダブルディップ,2428
ノーティアス,2429
ノーブルアイガー,2430
ノーブルアクト,2431
ノーブルグレイド,2432
ノーブルジェネシス,2433
ノーブルスカイ,2434
ノーブルプライム,2435
ノーブルライナー,2436
ノーブルラン,2437
ノーブルロジャー,2438
ノーマジック,2439
ノーランサンライズ,2440
ハイアムズビーチ,2441
ハイウェイスター,2442
ハイエストランク,2443
ハイエンドモデル,2444
ハイクライテリア,2445
ハイタイド,2446
ハイダウェイ,2447
ハイファイスピード,2448
ハイラブハンター,2449
ハイラント,2450
ハイランドリンクス,2451
ハインズテソーロ,2452
ハウリングウィンド,2453
ハギノアルデバラン,2454
ハギノカノア,2455
ハギノコラソン,2456
ハギノサステナブル,2457
ハギノピアチェーレ,2458
ハギノヴェルドン,2459
ハクサンアイリス,2460
ハクサンイーグル,2461
ハクサンテュポン,2462
ハクサンハナビ,2463
ハクサンバード,2464
ハクサンビューティ,2465
ハクサンミラクル,2466
ハクサンリバーブ,2467
ハクサンリンド,2468
ハクシンブライアン,2469
ハクシンマルペンサ,2470
ハグ,2471
ハコダテブショウ,2472
ハッスルダンク,2473
ハッピーウィズユー,2474
ハッピーサプライズ,2475
ハッピーダンス,2476
ハッピードリーム,2477
ハッピーパンニャ,2478
ハッピールンナ,2479
ハツコイサイダー,2480
ハツヒノデ,2481
ハナウマビーチ,2482
ハナナラツボミ,2483
ハニーローリエ,2484
ハヌル,2485
ハビレ,2486
ハピアーザンエバー,2487
ハピネスアゲン,2488
ハピハピハッピー,2489
ハミルトン,2490
ハヤテノツバサ,2491
ハヤテノフクノスケ,2492
ハリウッドブルース,2493
ハリウッドメモリー,2494
ハルノアラシ,2495
ハルノート,2496
ハルフロンティア,2497
ハレアカラフラ,2498
ハワイアンタイム,2499
ハンクスター,2500
ハーツコンチェルト,2501
ハーツシンフォニー,2502
ハードワーカー,2503
ハーバーライト,2504
バイオサファイア,2505
バイオマックス,2506
バイマイセルフ,2507
バイルシュタイン,2508
バガリーロータス,2509
バガン,2510
バサラ,2511
バシリス,2512
バシレウスシチー,2513
バスターコール,2514
バスタードサフラン,2515
バストス,2516
バズアップビート,2517
バセリーナ,2518
バタール,2519
バッケンレコード,2520
バッドガール,2521
バッファローライズ,2522
バトルクライ,2523
バトルハーデン,2524
バトルボーン,2525
バトンインディ,2526
バトンロード,2527
バナマンテソーロ,2528
バニーラビット,2529
バブルギャラクシー,2530
バヤシーフェイス,2531
バラダレイナ,2532
バリアントバイオ,2533
バルサミコ,2534
バルサムノート,2535
バルティカ,2536
バルトゥール,2537
バルナバ,2538
バルミュゼット,2539
バルミラクル,2540
バルミーウェザー,2541
バレアリックシー,2542
バレエマスター,2543
バレドラパン,2544
バレルターン,2545
バレンタインガール,2546
バロックダンス,2547
バロッサヴァレー,2548
バロネッサ,2549
バロン,2550
バロンドール,2551
バンドシェル,2552
バンドネオン,2553
バンドマスター,2554
バンドールロゼ,2555
バンフィエルド,2556
バンブトンプロ,2557
バンブルビー,2558
バンブーグローブ,2559
バンベルク,2560
バーケンヘッド,2561
バースクライ,2562
バースフラワー,2563
バーチャルアイドル,2564
バードウォッチャー,2565
バーミリオンクリフ,2566
バーミーズルビー,2567
バーンズベリー,2568
パイアイヤー,2569
パイシャオピン,2570
パイソン,2571
パイラタナー,2572
パカーラン,2573
パクスロマーナ,2574
パシフィックハイツ,2575
パシフィックルート,2576
パシーヴ,2577
パストラーレ,2578
パッカパッカブー,2579
パッションディーバ,2580
パッションリッチ,2581
パトリオティズム,2582
パトリックハンサム,2583
パドマ,2584
パドメ,2585
パフ,2586
パブリックスフィア,2587
パラサイコロジー,2588
パラレルヴィジョン,2589
パリモード,2590
パルクリチュード,2591
パルティーダ,2592
パルデンス,2593
パルピタシオン,2594
パルプフィクション,2595
パレハ,2596
パレフォーコン,2597
パロサント,2598
パワーアイガー,2599
パワーオブドリーム,2600
パワータイショウ,2601
パワーホール,2602
パンドレア,2603
パーサヴィアランス,2604
パーソナルアフェア,2605
パーティハーン,2606
パーフェクト,2607
パープルクラウド,2608
パープルティアラ,2609
パープルパライソ,2610
パーリーラスター,2611
ヒオウギ,2612
ヒカリスペクトル,2613
ヒサエノオモカゲ,2614
ヒストリアイ,2615
ヒソカ,2616
ヒタムキ,2617
ヒットアンドロール,2618
ヒットザグラウンド,2619
ヒットザノート,2620
ヒットミー,2621
ヒデシンイメル,2622
ヒノデテイオー,2623
ヒビキ,2624
ヒフミバンダム,2625
ヒミノエトワール,2626
ヒメカミノイタダキ,2627
ヒラボクミニー,2628
ヒラリーステップ,2629
ヒルズカーン,2630
ヒルノデプラーツ,2631
ヒルノドゴール,2632
ヒルノハンブルク,2633
ヒルノローザンヌ,2634
ヒルビリーエレジー,2635
ヒロインズクレスト,2636
ヒロスズラン,2637
ヒロノゴウカイ,2638
ヒロノビックバン,2639
ヒロノライジン,2640
ヒロノラメール,2641
ヒンメル,2642
ヒートオンビート,2643
ヒーローインチーフ,2644
ヒーローレジェンド,2645
ビアフォーナウ,2646
ビアンカネーヴェ,2647
ビザンチンドリーム,2648
ビジュードネージュ,2649
ビジューブリランテ,2650
ビスケット,2651
ビスケットマリー,2652
ビゾー,2653
ビターグラッセ,2654
ビターゼノビア,2655
ビッキーファースト,2656
ビッグスリック,2657
ビッグビート,2658
ビッグフラワー,2659
ビッグベルーガ,2660
ビッグボーンリタ,2661
ビップシュプリーム,2662
ビップジェシー,2663
ビップジーニー,2664
ビップスコーピオン,2665
ビップチェイス,2666
ビップランバン,2667
ビップレーヌ,2668
ビバジョー,2669
ビバップ,2670
ビヨンドザタイム,2671
ビヨンドザドリーム,2672
ビヨンドザファザー,2673
ビリオネアボーイ,2674
ビリーヴアンドラン,2675
ビルカール,2676
ビレッジルミエール,2677
ビーアイオラクル,2678
ビーアストニッシド,2679
ビーオンザカバー,2680
ビーグラッド,2681
ビーコ,2682
ビーコング,2683
ビートウマザンマイ,2684
ビートザレコード,2685
ビービーバザーク,2686
ビーム,2687
ビーラブドウィッチ,2688
ピエナオルフェ,2689
ピエナパイロ,2690
ピエナフェーヴル,2691
ピエマンソン,2692
ピカッティー,2693
ピカリ,2694
ピカレスクノベル,2695
ピクラリーダ,2696
ピコアーガイル,2697
ピコグリーン,2698
ピコニ,2699
ピコビジュー,2700
ピコローズ,2701
ピジョンブラッド,2702
ピジョンポイント,2703
ピストルスター,2704
ピックアップライン,2705
ピックデムッシュ,2706
ピッコロイカリーノ,2707
ピッツァナポリ,2708
ピティロディア,2709
ピノルージュ,2710
ピュアキアン,2711
ピュアグルーヴ,2712
ピュアコレクション,2713
ピュアマケナ,2714
ピュアマークス,2715
ピュルテ,2716
ピューロマジック,2717
ピラニアキッス,2718
ピンキースウェア,2719
ピンキープロミス,2720
ピースオブエイト,2721
ピースフルゴールド,2722
ピースフルナイト,2723
ファイアトリック,2724
ファイアリーホット,2725
ファイアーレッド,2726
ファイアーワークス,2727
ファイナルクイーン,2728
ファイナルヒート,2729
ファイブエム,2730
ファイブセンス,2731
ファイヴレター,2732
ファストパスキー,2733
ファミリータイム,2734
ファミリーツリー,2735
ファミーユウルーズ,2736
ファムエレガンテ,2737
ファランジリング,2738
ファルヴォーレ,2739
ファンシーデイ,2740
ファンタジア,2741
ファンタズマ,2742
ファンダム,2743
ファームツエンティ,2744
ファーングロット,2745
フィエールガール,2746
フィオライア,2747
フィフティシェビー,2748
フィヤール,2749
フィリップバローズ,2750
フィルトラージュ,2751
フィンガーダンシン,2752
フィーユチャン,2753
フィーリウス,2754
フィーリウスワン,2755
フィールオーサム,2756
フィールザゴールド,2757
フィールザワールド,2758
フィールシンパシー,2759
フィールドノート,2760
フウセツ,2761
フェアエールング,2762
フェアリオンアイス,2763
フェアリーグレン,2764
フェアリーメドウ,2765
フェアリーライク,2766
フェアーメロディ,2767
フェイトライン,2768
フェスタリア,2769
フェスティヴイリス,2770
フェデルミエール,2771
フェニーチェドーロ,2772
フェブルアーリア,2773
フェリ,2774
フェリスチカ,2775
フェリスナビダ,2776
フェルシナ,2777
フェルメール,2778
フェルンマンボ,2779
フェレザ,2780
フェンスブレイカー,2781
フェールブリエ,2782
フェーレンベルク,2783
フォアファン,2784
フォティック,2785
フォティーゾ,2786
フォルクスリート,2787
フォルコメン,2788
フォルテフィオーレ,2789
フォルテム,2790
フォルテローザ,2791
フォルテース,2792
フォルラニーニ,2793
フォワードアゲン,2794
フォンデネージュ,2795
フォーカスライト,2796
フォーキャンドルズ,2797
フォージドブリック,2798
フォースミラクル,2799
フォーディアライフ,2800
フォートボヤール,2801
フォードワン,2802
フォーワンセルフ,2803
フガート,2804
フクキタテーラー,2805
フクシマコウヨウ,2806
フクノジョヴァンニ,2807
フクノブルジュ,2808
フジフォンテ,2809
フジマサインパクト,2810
フジュム,2811
フジルバーブ,2812
フジレイメイ,2813
フタイテンホイール,2814
フタイテンロック,2815
フューチャステップ,2816
フューチャーファン,2817
フライハイ,2818
フライヤートゥルー,2819
フライングブレード,2820
フラッシュケリー,2821
フラッシュタイム,2822
フラッシング,2823
フラッパールック,2824
フラミニア,2825
フララナキラ,2826
フランキーバローズ,2827
フランクテソーロ,2828
フランシナテソーロ,2829
フランスゴデイナ,2830
フラヴス,2831
フリッカージャブ,2832
フリッパー,2833
フリントロック,2834
フリーダムレイン,2835
フリートオブフット,2836
フリームファクシ,2837
フルオール,2838
フルグライト,2839
フルセンド,2840
フルドド,2841
フルボーグ,2842
フルム,2843
フルメタルボディー,2844
フルラインナップ,2845
フルール,2846
フルールネージュ,2847
フレイミングパイ,2848
フレッチア,2849
フレミングフープ,2850
フレンドシルバー,2851
フレーヴァード,2852
フロウアンドライム,2853
フロムダスク,2854
フロムナウオン,2855
フロンティエール,2856
フローラルデザイン,2857
フードマン,2858
フームスムート,2859
フーレイ,2860
ブエナオンダ,2861
ブエナディオサ,2862
ブシン,2863
ブトラゲーニョ,2864
ブライアーヒル,2865
ブライティアダイヤ,2866
ブライティアブエナ,2867
ブライティアブーケ,2868
ブライテストドーン,2869
ブライトアゲイン,2870
ブライトイメル,2871
ブライトゲイザー,2872
ブライトライツ,2873
ブライトルピナス,2874
ブラザービート,2875
ブラックアダマス,2876
ブラックエトワール,2877
ブラックサウザー,2878
ブラックシールド,2879
ブラックセイバー,2880
ブラックタロー,2881
ブラックダイヤ,2882
ブラックドレス,2883
ブラックバラード,2884
ブラックモノリス,2885
ブラックラリア,2886
ブラックリバー,2887
ブランディストック,2888
ブランデーロック,2889
ブリエヴェール,2890
ブリオメンテ,2891
ブリスキー,2892
ブリタニア,2893
ブリックスラテ,2894
ブリックワーク,2895
ブリックンクリック,2896
ブリッツアロング,2897
ブリッツクリーク,2898
ブリッツファング,2899
ブリッツモメント,2900
ブリヤディアマンテ,2901
ブリュットミレジメ,2902
ブリヨンカズマ,2903
ブリンブリン,2904
ブリーズオンチーク,2905
ブルドッグキング,2906
ブルボンクイーン,2907
ブルーアイドガール,2908
ブルーアロマ,2909
ブルーカミング,2910
ブルーゴールド,2911
ブルーシンフォニー,2912
ブルースピリット,2913
ブルーセルリアン,2914
ブルータス,2915
ブルーデイジー,2916
ブルーノート,2917
ブループリマドンナ,2918
ブルーマウンテン,2919
ブルーマエストロ,2920
ブルーミンデザイン,2921
ブルームワルツ,2922
ブルーメサイア,2923
ブルーユンチェリー,2924
ブルーラジカル,2925
ブルーワール,2926
ブレイクバウンズ,2927
ブレイジングスター,2928
ブレイゼスト,2929
ブレイヴアロウ,2930
ブレウディエス,2931
ブレゲアン,2932
ブレスドナイル,2933
ブレスワード,2934
ブレットフライ,2935
ブレトワルダ,2936
ブレバ,2937
ブレーザー,2938
ブレードダンシング,2939
ブロンディール,2940
ブロンドエール,2941
ブロードグリン,2942
ブーケファロス,2943
ブーディガ,2944
ブーバー,2945
ブーヤカ,2946
プウスカンドゥール,2947
プシプシーナ,2948
プチブール,2949
プチプランス,2950
プチボヌール,2951
プティコリーヌ,2952
プライベートアイズ,2953
プラウドメアリー,2954
プラタルス,2955
プラチナトレジャー,2956
プラチナムレイアー,2957
プラニスフェリオ,2958
プラムダンディ,2959
プラーヴィ,2960
プリズマジコ,2961
プリティディーヴァ,2962
プリティパール,2963
プリマドンナアスク,2964
プリマヴィータ,2965
プリムツァール,2966
プリュノワール,2967
プリュムドランジュ,2968
プリンスノット,2969
プリンスミノル,2970
プリンセスララア,2971
プリンセスロロ,2972
プリンセッサ,2973
プリーミー,2974
プルスウルトラ,2975
プルナチャンドラ,2976
プルパレイ,2977
プルメリアクヒオ,2978
プルートマスター,2979
プレアデスグループ,2980
プレイサーゴールド,2981
プレイザットソング,2982
プレイテシア,2983
プレイリードリーム,2984
プレカーサー,2985
プレシオーソ,2986
プレシャスアセット,2987
プレシャスデイ,2988
プレシャストップ,2989
プレジール,2990
プレスジャンケット,2991
プレデスティナーレ,2992
プレミアシップ,2993
プレミアブルー,2994
プレミアムハニー,2995
プロクレイア,2996
プロスペクトパーク,2997
プロトポロス,2998
プロピエダッド,2999
プロフェータ,3000
プロメテドール,3001
プロメトル,3002
ヘキルリ,3003
ヘキレキイッセン,3004
ヘッズアップ,3005
ヘニーガイスト,3006
ヘニータイフーン,3007
ヘネラリーフェ,3008
ヘビーキュー,3009
ヘラクレスノット,3010
ヘルオブアライド,3011
ヘルモーズ,3012
ヘルヴェティオス,3013
ヘンリエッタ,3014
ヘヴンリーゴール,3015
ヘヴンリーハンド,3016
ベアショット,3017
ベアパーフェクト,3018
ベアリミッション,3019
ベイストラトラ,3020
ベイビーキッス,3021
ベイラム,3022
ベジェサ,3023
ベストオブユー,3024
ベストシーン,3025
ベストヒューマ,3026
ベストファンタジー,3027
ベニシア,3028
ベファーナ,3029
ベラジオガルフ,3030
ベラジオボッキーニ,3031
ベラジオワールド,3032
ベラトール,3033
ベリタバグス,3034
ベリーズブルー,3035
ベリーベリーベリー,3036
ベリーヴィーナス,3037
ベルイストワール,3038
ベルウッドウズメ,3039
ベルウッドブラボー,3040
ベルエアフォース,3041
ベルギューン,3042
ベルサ,3043
ベルシャンソン,3044
ベルジャッド,3045
ベルタソ,3046
ベルダーイメル,3047
ベルツリー,3048
ベルトネ,3049
ベルフォン,3050
ベルブリエ,3051
ベルベルコンパス,3052
ベルリネッタ,3053
ベルヴィオレット,3054
ベルヴィヴァン,3055
ベレザニーニャ,3056
ベレニーチェ,3057
ベンガン,3058
ベンダバリラビア,3059
ベンダバール,3060
ベンテイガ,3061
ベント,3062
ペアポルックス,3063
ペイシャアーサー,3064
ペイシャカレン,3065
ペイシャキセキ,3066
ペイシャケイプ,3067
ペイシャケリー,3068
ペイシャスウィフト,3069
ペイシャニット,3070
ペイシャフラワー,3071
ペイシャマリーン,3072
ペイシャリサデル,3073
ペイシャヴァルツー,3074
ペイシャヴァルワン,3075
ペイドラロワール,3076
ペイルブルードット,3077
ペガサスノース,3078
ペタルビジュー,3079
ペッパーミル,3080
ペネトレイトゴー,3081
ペプチドシュチク,3082
ペプチドソレイユ,3083
ペプチドタイガー,3084
ペプチドハドソン,3085
ペプチドヒナタ,3086
ペリエール,3087
ペリプルス,3088
ペルティナクス,3089
ペルフェツィオーネ,3090
ペレグリン,3091
ペロ,3092
ペンダンティフ,3093
ペンティメント,3094
ペンナヴェローチェ,3095
ペースセッティング,3096
ペールノエル,3097
ホウオウアートマン,3098
ホウオウアーネスト,3099
ホウオウエクレール,3100
ホウオウエニシ,3101
ホウオウガイア,3102
ホウオウサムレット,3103
ホウオウショコラ,3104
ホウオウシンデレラ,3105
ホウオウスーペリア,3106
ホウオウドルーリー,3107
ホウオウノーサイド,3108
ホウオウハナビ,3109
ホウオウバローロ,3110
ホウオウビスケッツ,3111
ホウオウフロイト,3112
ホウオウブースター,3113
ホウオウプレシャス,3114
ホウオウプレミア,3115
ホウオウヘーゲル,3116
ホウオウムサシ,3117
ホウオウリアリティ,3118
ホウオウルーレット,3119
ホウオウレイヴン,3120
ホウキボシ,3121
ホウショウマリス,3122
ホシクズロンリネス,3123
ホッコーカリュウ,3124
ホファヴァルト,3125
ホリーアン,3126
ホルトバージ,3127
ホロヨイマンゲツ,3128
ホワイトアッシュ,3129
ホワイトガーベラ,3130
ホワイトクロウ,3131
ホワイトターフ,3132
ホーエリート,3133
ホークフィールド,3134
ホークライト,3135
ホークレア,3136
ホープフルサイン,3137
ホーリーブライト,3138
ホーリーホック,3139
ホールシバン,3140
ホールネス,3141
ボクラヲツナグモノ,3142
ボスポラス,3143
ボックスオフィス,3144
ボナペティアスク,3145
ボヤージュアウト,3146
ボル,3147
ボルセーナ,3148
ボルタドマール,3149
ボルトテソーロ,3150
ボルドグフーシュ,3151
ボンジュールアスク,3152
ボンドロア,3153
ボンヌソワレ,3154
ボンボニエーレ,3155
ボーヌロマネ,3156
ボーマン,3157
ボーモンド,3158
ボーンイングランデ,3159
ボーンディスウェイ,3160
ポケッティーノ,3161
ポジティブガール,3162
ポセイドンバローズ,3163
ポタジェ,3164
ポッドコンティ,3165
ポッドテオ,3166
ポッドロゴ,3167
ポッドロワール,3168
ポップグルーヴ,3169
ポッポノフェスタ,3170
ポトマックテソーロ,3171
ポミチョッタ,3172
ポリアンセモス,3173
ポリトナリティー,3174
ポリーフォリア,3175
ポルカリズム,3176
ポルタフェリーチェ,3177
ポルテソレイユ,3178
ポルポラジール,3179
ポワンキュルミナン,3180
ポートタウランガ,3181
マイアミュレット,3182
マイクインダム,3183
マイスターヴェルク,3184
マイネルアウルム,3185
マイネルアズーロ,3186
マイネルアレス,3187
マイネルアース,3188
マイネルエニグマ,3189
マイネルエンペラー,3190
マイネルエール,3191
マイネルオーシャン,3192
マイネルカンパーナ,3193
マイネルクリソーラ,3194
マイネルゲミュート,3195
マイネルサンテ,3196
マイネルシーマー,3197
マイネルジーニアス,3198
マイネルステラート,3199
マイネルゼウス,3200
マイネルチケット,3201
マイネルティグレ,3202
マイネルディレクト,3203
マイネルトゥルネー,3204
マイネルトルファン,3205
マイネルニコラス,3206
マイネルバーテクス,3207
マイネルビジョン,3208
マイネルビスマルク,3209
マイネルフォルツァ,3210
マイネルフォーコン,3211
マイネルフランツ,3212
マイネルブリオン,3213
マイネルブリックス,3214
マイネルボス,3215
マイネルメサイア,3216
マイネルメモリー,3217
マイネルモーント,3218
マイネルラカイユ,3219
マイネルラファール,3220
マイネルレクエルド,3221
マイネルレグルス,3222
マイネルレノン,3223
マイノワール,3224
マイバラード,3225
マイファミリー,3226
マイユニバース,3227
マイヨアポア,3228
マイレーヌ,3229
マインドミー,3230
マウンテンエース,3231
マウントバーノン,3232
マオノアラシ,3233
マオノクラッシュ,3234
マカニ,3235
マキアージュ,3236
マキバシラ,3237
マキャベリー,3238
マギームーン,3239
マグナドムス,3240
マケズギライ,3241
マケルナマサムネ,3242
マコタイガ,3243
マゴイチタ,3244
マサノカナリア,3245
マサノヒーロー,3246
マサノユニコーン,3247
マサハヤウォルズ,3248
マサムネ,3249
マサレエトワール,3250
マザーズウィル,3251
マシェリアムール,3252
マジカルガール,3253
マジカルレインボー,3254
マジックスクロール,3255
マジョッコピロコ,3256
マジョレル,3257
マスクオールウィン,3258
マスグラバイト,3259
マダムシーファー,3260
マッスルバック,3261
マッセダムール,3262
マッドマックス,3263
マテンロウアネモス,3264
マテンロウアルテ,3265
マテンロウオリオン,3266
マテンロウカナロア,3267
マテンロウコマンド,3268
マテンロウバローズ,3269
マテンロウブレイブ,3270
マテンロウボンド,3271
マテンロウミラクル,3272
マテンロウムーブ,3273
マテンロウレオ,3274
マニーシーン,3275
マニーヒーロー,3276
マハナ,3277
マフィン,3278
マブアンドフェール,3279
マベルシュシュット,3280
マホウショウジョ,3281
マホロバ,3282
ママアリガトー,3283
マミーブルー,3284
マリアナトレンチ,3285
マリエ,3286
マリエンプラッツ,3287
マリオロード,3288
マリオンエール,3289
マリノテレージア,3290
マリノライヤ,3291
マリブオレンジ,3292
マリンバンカー,3293
マルカオペラ,3294
マルカブリッツ,3295
マルクパージュ,3296
マルターズヴェロス,3297
マルチライセンス,3298
マルディランダ,3299
マルベリーシチー,3300
マルモジーニー,3301
マルモリキング,3302
マルモリスパークル,3303
マルモルミエール,3304
マルーンベレー,3305
マローソ,3306
マンウォル,3307
マンオブザマッチ,3308
マンゲタック,3309
マンダレーヒル,3310
マンデヴィラ,3311
マンノデュエット,3312
マンマリアーレ,3313
マヴォロンテ,3314
マーウォルス,3315
マーキュリーダイム,3316
マーゴットオービス,3317
マーゴットカーラ,3318
マーゴットゲイン,3319
マーゴットコマチ,3320
マーゴットミニモ,3321
マーゴットレジーナ,3322
マーシャルポイント,3323
マーシヴィガラス,3324
マーブルマウンテン,3325
マーブルロック,3326
マーベリックシチー,3327
マーメイドスカート,3328
ミエスペランサ,3329
ミエノシリウス,3330
ミエノブラボー,3331
ミキノオーボエ,3332
ミクニインスパイア,3333
ミクニキャッチー,3334
ミクロフィラム,3335
ミグラテール,3336
ミサトレッドダイヤ,3337
ミシャベル,3338
ミスエル,3339
ミスサラワク,3340
ミスサンシャイン,3341
ミスターディジェイ,3342
ミスターブリーズ,3343
ミスターボビー,3344
ミスターロスカボス,3345
ミスティア,3346
ミステリーウェイ,3347
ミスファントム,3348
ミスベレザ,3349
ミスヨシゼン,3350
ミセスリリー,3351
ミタマ,3352
ミッキークレスト,3353
ミッキーコンドル,3354
ミッキーゴールド,3355
ミッキーサンズ,3356
ミッキースターダム,3357
ミッキーストライク,3358
ミッキースピナッチ,3359
ミッキースピネル,3360
ミッキーチャレンジ,3361
ミッキーツインクル,3362
ミッキーティラミス,3363
ミッキーヌチバナ,3364
ミッキーハーモニー,3365
ミッキーマカロン,3366
ミッキーマドンナ,3367
ミッキーラサルダン,3368
ミッシオーネ,3369
ミッドセンチュリー,3370
ミッドタウンナイト,3371
ミッドナイトゲイル,3372
ミッドナイトホーク,3373
ミッドナイトラスタ,3374
ミツカネスコーピオ,3375
ミトノキャット,3376
ミトロジー,3377
ミニトランザット,3378
ミニョンマルーン,3379
ミノリッチマイヤー,3380
ミファヴォリート,3381
ミヤジシャルマン,3382
ミヤジレガリア,3383
ミヤビノオウザ,3384
ミヤビバエル,3385
ミヤファイター,3386
ミヤマイルス,3387
ミュークチェルシー,3388
ミュージシャン,3389
ミュージックマン,3390
ミユキアイラブユー,3391
ミユンガー,3392
ミライエイゴウ,3393
ミライテーラー,3394
ミライハーモニー,3395
ミライヘノカギ,3396
ミラキュラスドラマ,3397
ミラクルキャッツ,3398
ミラクルジニア,3399
ミラクルブルー,3400
ミラクルミッキー,3401
ミラコレジェンヌ,3402
ミラバーグマン,3403
ミランカ,3404
ミラージュナイト,3405
ミラーダカリエンテ,3406
ミルキーハニー,3407
ミルトクレイモー,3408
ミルトハンター,3409
ミルトパワー,3410
ミルトマジック,3411
ミルトライディーン,3412
ミレヴィーナス,3413
ミロワール,3414
ミンストレルソング,3415
ミントマーク,3416
ミーントゥビー,3417
ムイ,3418
ムガ,3419
ムギトルナ,3420
ムチャスグラシアス,3421
ムンディ,3422
ムーム,3423
ムーランブルー,3424
ムーンストラック,3425
ムーンナイト,3426
ムーンリットナイト,3427
ムーンレイデオ,3428
ムーヴ,3429
メアヴィア,3430
メイクアスナッチ,3431
メイクザビート,3432
メイショウアイク,3433
メイショウアイナ,3434
メイショウアキカゼ,3435
メイショウアゴナス,3436
メイショウアツイタ,3437
メイショウイジゲン,3438
メイショウイントロ,3439
メイショウウネビ,3440
メイショウオハコ,3441
メイショウオーロラ,3442
メイショウカイト,3443
メイショウカゲカツ,3444
メイショウカシワデ,3445
メイショウカスガイ,3446
メイショウキタダケ,3447
メイショウキルギス,3448
メイショウキンタイ,3449
メイショウクモイ,3450
メイショウクリフト,3451
メイショウクレピス,3452
メイショウゲキハ,3453
メイショウゲキリン,3454
メイショウコガシラ,3455
メイショウコナン,3456
メイショウコバト,3457
メイショウコホク,3458
メイショウコボケ,3459
メイショウサトノヒ,3460
メイショウサノサ,3461
メイショウサンガ,3462
メイショウジェンマ,3463
メイショウスエヒロ,3464
メイショウスゴウデ,3465
メイショウズイウン,3466
メイショウセイロウ,3467
メイショウセオト,3468
メイショウセツゲツ,3469
メイショウソウセキ,3470
メイショウソウタ,3471
メイショウソニック,3472
メイショウソラフネ,3473
メイショウタクボク,3474
メイショウタバル,3475
メイショウタビズキ,3476
メイショウタムシバ,3477
メイショウチタン,3478
メイショウツクモ,3479
メイショウツツジ,3480
メイショウツヨキ,3481
メイショウテンスイ,3482
メイショウテンテン,3483
メイショウトム,3484
メイショウドライブ,3485
メイショウナナカゼ,3486
メイショウナナクサ,3487
メイショウノブカ,3488
メイショウハダル,3489
メイショウハチロー,3490
メイショウハッブル,3491
メイショウハリソン,3492
メイショウハンゾウ,3493
メイショウヒンカク,3494
メイショウビストロ,3495
メイショウピリカ,3496
メイショウフジ,3497
メイショウフソウ,3498
メイショウブレゲ,3499
メイショウホマレ,3500
メイショウボナンザ,3501
メイショウポペット,3502
メイショウマチルダ,3503
メイショウマヒロ,3504
メイショウマントル,3505
メイショウミカワ,3506
メイショウミシガン,3507
メイショウミツヤス,3508
メイショウミリオレ,3509
メイショウヤマハギ,3510
メイショウヤマモモ,3511
メイショウヤーキス,3512
メイショウユウアイ,3513
メイショウユズルハ,3514
メイショウヨゾラ,3515
メイショウリリー,3516
メイテソーロ,3517
メイプルエイト,3518
メイプルギャング,3519
メイユウ,3520
メインクーン,3521
メジャーデビュー,3522
メジャーレーベル,3523
メタマックス,3524
メタルスパーク,3525
メタルスピード,3526
メティエダール,3527
メテオレーナ,3528
メテオールライト,3529
メネラオス,3530
メモリードライブ,3531
メラーキ,3532
メリオーレム,3533
メリッササンライズ,3534
メリトーリアス,3535
メリーサウンド,3536
メルキオル,3537
メルヘンライズ,3538
メロウヴォイス,3539
メロディーロード,3540
メロンパンマニア,3541
メンドロントット,3542
モアナフリューゲル,3543
モカラマーズ,3544
モジャーリオ,3545
モズアカボス,3546
モズアンドモズ,3547
モズケイスター,3548
モズゴールドバレル,3549
モズシューター,3550
モズトキキ,3551
モズバンディット,3552
モズマーヴェリック,3553
モズミギカタアガリ,3554
モズリバーシャトー,3555
モズレイラココナ,3556
モズロックンロール,3557
モダンフリンジ,3558
モッドフレイム,3559
モデルハント,3560
モナコブル,3561
モナルヒ,3562
モモクロオー,3563
モモンウールー,3564
モラトリアム,3565
モリオン,3566
モリノセピア,3567
モリノドリーム,3568
モリノハーバー,3569
モルティフレーバー,3570
モルビド,3571
モンサンケイティ,3572
モンサンプレシャス,3573
モンシェリ,3574
モンテシート,3575
モンテディアーナ,3576
モントライゼ,3577
モンドデラモーレ,3578
モンドプリューム,3579
モヴレクス,3580
モーソンピーク,3581
モーデン,3582
モーニングヘイズ,3583
モーニングマジック,3584
モーメントキャッチ,3585
モーリシャスアロマ,3586
ヤウガウ,3587
ヤエギリ,3588
ヤエベニシダレ,3589
ヤクシマ,3590
ヤスエ,3591
ヤスケ,3592
ヤマカツレオン,3593
ヤマタケアオイバラ,3594
ヤマニンアストロン,3595
ヤマニンエボルブ,3596
ヤマニンガラッシア,3597
ヤマニンソレアード,3598
ヤマニンデンファレ,3599
ヤマニンバロネス,3600
ヤマニンパルフェ,3601
ヤマニンヒストリア,3602
ヤマニンレセディ,3603
ヤマメキング,3604
ヤマワケ,3605
ヤルダバオト,3606
ヤンキーパンチ,3607
ユアフラッシュ,3608
ユアマイクラッシュ,3609
ユアマイスター,3610
ユイットムーラン,3611
ユイノガリクソン,3612
ユイノマホウジン,3613
ユイノレクター,3614
ユウトザキンパツ,3615
ユウトザユウト,3616
ユガフ,3617
ユキカゼ,3618
ユキノエリザベス,3619
ユキノロイヤル,3620
ユナクイーン,3621
ユハンヌス,3622
ユメシバイ,3623
ユメハハテシナク,3624
ユリヤテソーロ,3625
ユーウェイン,3626
ユーディキウム,3627
ヨカゼ,3628
ヨシノイクスプレス,3629
ヨシノヤッタルデー,3630
ヨゾラノムコウニ,3631
ヨチヨチモンスター,3632
ヨドギミ,3633
ヨドノゴールド,3634
ヨヒーン,3635
ヨリノサファイヤ,3636
ヨリノレジェンド,3637
ヨーカイディスコ,3638
ライクファーザー,3639
ライジン,3640
ライジングショット,3641
ライジングハース,3642
ライジングラパス,3643
ライジンシチー,3644
ライジンマル,3645
ライズトゥザトップ,3646
ライネリーベ,3647
ライノ,3648
ライフセービング,3649
ライラスター,3650
ライラック,3651
ライラボンド,3652
ラインアルテミス,3653
ライングッドマン,3654
ラインパシオン,3655
ラインピクシー,3656
ライヴバフィ,3657
ラウルベア,3658
ラウレア,3659
ラエール,3660
ラオラシオン,3661
ラガマフィンガール,3662
ラキアレクサンダー,3663
ラクサパーナ,3664
ラクスノカミカザリ,3665
ラグナトーレ,3666
ラジエル,3667
ラスカンブレス,3668
ラストショット,3669
ラスベガスホワイト,3670
ラズベリームース,3671
ラズライト,3672
ラズルダズル,3673
ラセーヌシュメール,3674
ラタフォレスト,3675
ラッキーガブリエル,3676
ラッキーヤース,3677
ラッキーロジータ,3678
ラッジオ,3679
ラッフルズドリーム,3680
ラテラルシンキング,3681
ラトラディシオン,3682
ラナイ,3683
ラパンチュール,3684
ラパンラピッド,3685
ラピダリア,3686
ラファミリア,3687
ラファル,3688
ラファールドール,3689
ラフエイジアン,3690
ラブアイミー,3691
ラブカ,3692
ラブカヒルー,3693
ラブカマクフィー,3694
ラブカムーン,3695
ラブコメディ,3696
ラブディーヴァ,3697
ラブフォルテッシモ,3698
ラブミーナタリー,3699
ラブミーナッソー,3700
ラブリイグレイス,3701
ラブリイビジョン,3702
ラブリーウィザード,3703
ラブリージャブリー,3704
ラブリールチア,3705
ラベルエラベット,3706
ラベンサラ,3707
ラホーヤストーム,3708
ラマヌジャン,3709
ラマンシュ,3710
ラミアストラーダ,3711
ラムコーク,3712
ラムセスノムスメ,3713
ラムゼイテソーロ,3714
ララアヴリル,3715
ララガルグイユ,3716
ララベルドゥニュイ,3717
ララマセラシオン,3718
ラリベラ,3719
ランカグア,3720
ランゲル,3721
ランスオブクイーン,3722
ランスオブサウンド,3723
ランスオブサターン,3724
ランスノーブル,3725
ランツフート,3726
ランドブレイブ,3727
ランドプリメーロ,3728
ランフォザプライド,3729
ランヴェルスマン,3730
ラヴァブル,3731
ラヴァンダ,3732
ラヴィーズドリーム,3733
ラヴオントップ,3734
ラヴスコール,3735
ラヴスティンガー,3736
ラヴリーチェリー,3737
ラーグルフ,3738
ラーシャローム,3739
ラージギャラリー,3740
ラーテル,3741
ラーナローザ,3742
ラーンザロープス,3743
リアライズ,3744
リアライズオーラム,3745
リアライズハロック,3746
リアルクィーン,3747
リアルスター,3748
リアルフォルゴーレ,3749
リアンエターナル,3750
リアンクトワ,3751
リオンプライム,3752
リカンカブール,3753
リカントロポ,3754
リキサントライ,3755
リクエイ,3756
リケアエスプレッソ,3757
リケアコンパンナ,3758
リコリスラジアータ,3759
リゴレット,3760
リサリサ,3761
リザンテラ,3762
リジル,3763
リジン,3764
リチュアル,3765
リッキースタイル,3766
リッキーヤスオカ,3767
リックメイン,3768
リッケンバッカー,3769
リッター,3770
リッチブラック,3771
リトルサムシング,3772
リトルジャイアンツ,3773
リトルスカーレット,3774
リネアグローリア,3775
リネンドライブ,3776
リノアラ,3777
リバースザトレンド,3778
リバートゥルー,3779
リバーバレイト,3780
リバーラ,3781
リビアングラス,3782
リフレクトザムーン,3783
リポジノ,3784
リミットバスター,3785
リメリック,3786
リメンバーヒム,3787
リヤンドメテオール,3788
リュウジンオー,3789
リュウジンマル,3790
リュウゼツラン,3791
リュウノシャモニー,3792
リュウノドラゴン,3793
リュウノハミング,3794
リュウノヒナギク,3795
リュウレイ,3796
リュキア,3797
リュクススティール,3798
リュクスドレフォン,3799
リュトン,3800
リューデスハイム,3801
リライトヒストリー,3802
リラエンブレム,3803
リリーブライト,3804
リレーションシップ,3805
リワードインペリオ,3806
リワードパシオン,3807
リンガスマイル,3808
リンゲルブルーメ,3809
リンドラゴ,3810
リヴァーブ,3811
リーサイェイ,3812
リーゼントミニー,3813
リーティアコナル,3814
リードアクトレス,3815
リードプリンシパル,3816
リーフアクアリウム,3817
リープアップ,3818
リープサンバウンズ,3819
ルアスカリーン,3820
ルカランフィースト,3821
ルカン,3822
ルクスアドラー,3823
ルクスコロン,3824
ルクスジニア,3825
ルクスパラディ,3826
ルクスビッグスター,3827
ルクスフレンジー,3828
ルクスマーベリック,3829
ルクスメンデス,3830
ルクソールカフェ,3831
ルシェロアズーリ,3832
ルシタニア,3833
ルシフェル,3834
ルシード,3835
ルジャーダ,3836
ルセルマンダムール,3837
ルソレイユ,3838
ルチェンシス,3839
ルックアップトゥー,3840
ルックアトミー,3841
ルディック,3842
ルトンワージ,3843
ルドヴィクス,3844
ルナティックアイ,3845
ルナビス,3846
ルナフェイズ,3847
ルフトクス,3848
ルプリュフォール,3849
ルミエールドゥース,3850
ルミッキ,3851
ルミナヴィクター,3852
ルミノメテオール,3853
ルラクソント,3854
ルリモンハナバチ,3855
ルルディルッカ,3856
ルルファーレ,3857
ルレーヴドゥリリ,3858
ルロワ,3859
ルヴァレドクール,3860
ルヴァロワール,3861
ルヴァンノワール,3862
ルヴァンユニベール,3863
ルークススペイ,3864
ルークスヘリオス,3865
ルークピオーネ,3866
ルージュアベリア,3867
ルージュアマリア,3868
ルージュアマルフィ,3869
ルージュアルル,3870
ルージュカリーナ,3871
ルージュクライト,3872
ルージュクレセント,3873
ルージュシェノン,3874
ルージュシュエット,3875
ルージュスエルテ,3876
ルージュナリッシュ,3877
ルージュミラージュ,3878
ルージュミレネール,3879
ルージュラティーナ,3880
ルージュリナージュ,3881
ルージュレベッカ,3882
ルーパステソーロ,3883
ルーフ,3884
ルーメン,3885
レアグリフォン,3886
レアリゼアンレーヴ,3887
レアルシチー,3888
レイオーバー,3889
レイククイ,3890
レイククレセント,3891
レイザリオ,3892
レイチェルバローズ,3893
レイデラティエラ,3894
レイナサグラーダ,3895
レイネイル,3896
レイバックスピン,3897
レイピア,3898
レイピカケ,3899
レイフロレット,3900
レイベリング,3901
レイホーキング,3902
レイユール,3903
レイラインシチー,3904
レイワサンサン,3905
レインボーギフト,3906
レインメーカー,3907
レイーナアスール,3908
レオカクテル,3909
レオスパーク,3910
レオテミス,3911
レオネッサ,3912
レオプレセア,3913
レオンバローズ,3914
レガテアドール,3915
レガトゥス,3916
レクスノヴァス,3917
レグザゴン,3918
レグロスヴァーグ,3919
レゲエパンチ,3920
レゲエビーチ,3921
レザンクレール,3922
レシェルドランジュ,3923
レシプロシティ,3924
レジェンド,3925
レジェンドシップ,3926
レジュークレール,3927
レジリエント,3928
レッドアトラーニ,3929
レッドアヴァンティ,3930
レッドアーネスト,3931
レッドアーバイン,3932
レッドイストワール,3933
レッドエソール,3934
レッドカメリア,3935
レッドギフテッド,3936
レッドサジェス,3937
レッドシュテルン,3938
レッドシュトラール,3939
レッドセニョール,3940
レッドソニード,3941
レッドダンルース,3942
レッドテリオス,3943
レッドテンペスト,3944
レッドバロッサ,3945
レッドバンデ,3946
レッドフェルメール,3947
レッドプロフェシー,3948
レッドベルアーム,3949
レッドベルダンス,3950
レッドボブ,3951
レッドライトニング,3952
レッドリベルタ,3953
レッドルイナール,3954
レッドルヴァンシュ,3955
レッドレントラー,3956
レッドヴァリアート,3957
レディエンス,3958
レディオンステージ,3959
レディステディゴー,3960
レディネス,3961
レディベル,3962
レディメローラ,3963
レディントン,3964
レディーシス,3965
レディーフランシス,3966
レナーテテソーロ,3967
レフレクシオ,3968
レプンカムイ,3969
レベレンシア,3970
レモンバーム,3971
レヴァンティス,3972
レヴァントリ,3973
レヴィテーション,3974
レーウィン,3975
レーゼドラマ,3976
レーティッシュ,3977
レーヌマロン,3978
レーベンスティール,3979
レーンアジリティ,3980
レーヴドアンジュ,3981
レーヴブリリアント,3982
ロイヤルウィル,3983
ロイヤルカスタマー,3984
ロカヒ,3985
ロクシアス,3986
ログラール,3987
ロコポルティ,3988
ロゴモコ,3989
ロサンゼルス,3990
ロザシアニン,3991
ロジアデレード,3992
ロジアヴァンセ,3993
ロジカルワーズ,3994
ロジシルバー,3995
ロジステート,3996
ロジマンボ,3997
ロジリオン,3998
ロジリッキー,3999
ロスティチェーレ,4000
ロストボール,4001
ロゼアクアリオ,4002
ロゼル,4003
ロッカバイベイビー,4004
ロッキンミー,4005
ロックウイズユー,4006
ロッシニアーナ,4007
ロッピス,4008
ロネット,4009
ロビンバローズ,4010
ロフティストーリー,4011
ロフティーイデアル,4012
ロベルタインパクト,4013
ロマンスライト,4014
ロミヒ,4015
ロムネヤ,4016
ロレンツォ,4017
ロロノア,4018
ロワン,4019
ロワンディシー,4020
ロングロングロング,4021
ロンシャンクイーン,4022
ロンズデーライト,4023
ロンティケチャップ,4024
ロンドンアームズ,4025
ロンドンキッド,4026
ロンパイア,4027
ローザサンリヴァル,4028
ローズスター,4029
ローズマイスター,4030
ロードアウォード,4031
ロードアルディート,4032
ロードインフェルノ,4033
ロードシュヴァリエ,4034
ロードスカイブルー,4035
ロードデルレイ,4036
ロードトルネード,4037
ロードトレイル,4038
ロードトレゾール,4039
ロードバルセロナ,4040
ロードフォンス,4041
ロードフロイデ,4042
ロードフロンティア,4043
ロードブライト,4044
ロードブレイズ,4045
ロードプライズ,4046
ロードプレジール,4047
ロードベイリーフ,4048
ロードマイライフ,4049
ロードマゼラン,4050
ロードマンハイム,4051
ロードラディウス,4052
ロードラビリンス,4053
ロードリベラシオン,4054
ロードヴェスパー,4055
ローブエリタージュ,4056
ローマンレイク,4057
ローリーグローリー,4058
ロールザダイス,4059
ロールザボーンズ,4060
ローレルオーブ,4061
ローレルゼロ,4062
ローレン,4063
ワイドデコラシオン,4064
ワイドメテオール,4065
ワイドラトゥール,4066
ワイドレッド,4067
ワイノナオミ,4068
ワイルドゴーア,4069
ワイルドブッター,4070
ワイルドベティ,4071
ワイワイレジェンド,4072
ワインクーラー,4073
ワオン,4074
ワカムシャ,4075
ワキノグラス,4076
ワザモノ,4077
ワレハウミノコ,4078
ワンウェイトゥヘル,4079
ワンコールアウェイ,4080
ワンザストーリー,4081
ワンダイレクト,4082
ワンダフルヘヴン,4083
ワンダラー,4084
ワンダーイロネ,4085
ワンダーウィルク,4086
ワンダースティング,4087
ワンダーティコ,4088
ワンダーリズム,4089
ワンダーレイザー,4090
ワンリオン,4091
ワーキングアセット,4092
ワーキングデライト,4093
ワークソング,4094
ワース,4095
ワーズワース,4096
ワーフデール,4097
ワープエンジン,4098
ワールズエンド,4099
ワールドシリーズ,4100
ワールドスケール,4101
ヴァイオパイシーズ,4102
ヴァイザーバルコ,4103
ヴァイスクレー,4104
ヴァイタルピース,4105
ヴァシーオ,4106
ヴァズレーヌ,4107
ヴァトレニ,4108
ヴァルチャースター,4109
ヴァルトバーデン,4110
ヴァレスカ,4111
ヴァンガルダ,4112
ヴァンヤール,4113
ヴァンルーラー,4114
ヴィアダクト,4115
ヴィアトル,4116
ヴィアルークス,4117
ヴィエルネスサント,4118
ヴィクトリーロード,4119
ヴィクトワールバゴ,4120
ヴィゴラスダンサー,4121
ヴィジブルライト,4122
ヴィジョンオブラヴ,4123
ヴィスマール,4124
ヴィラスターリ,4125
ヴィンテージボンド,4126
ヴィヴァシャス,4127
ヴィヴァン,4128
ヴィヴィッドムーン,4129
ヴィーデ,4130
ヴィーナスバブル,4131
ヴェサリウス,4132
ヴェナートル,4133
ヴェヌーセ,4134
ヴェリーヌ,4135
ヴェルテンベルク,4136
ヴェルトライゼンデ,4137
ヴェルトラウム,4138
ヴェロニカペルシカ,4139
ヴェローチェエラ,4140
ヴェントインコーダ,4141
ヴェントドーロ,4142
ヴォイスオブゼウス,4143
ヴォランテ,4144
ヴォラヴィア,4145
ヴォルオヴァン,4146
ヴォルクメア,4147
ヴォルスター,4148
ヴォルヴァ,4149
ヴォワラクテ,4150
ヴォンフレ,4151
ヴォーグマチネ,4152
ヴォーパルソード,4153
ヴノ,4154
