キング,0
マーカ,1
ルメー,2
三浦,3
上野,4
中井,5
中村,6
丸山,7
丸山元,8
丸田,9
丹内,10
亀田,11
五十嵐,12
井上,13
今村,14
伊藤,15
伴,16
佐々木,17
佐藤,18
内田博,19
加藤,20
北村友,21
北村宏,22
原,23
原田和,24
古川吉,25
古川奈,26
吉村,27
吉村誠,28
吉田豊,29
吉田隼,30
和田翼,31
団野,32
国分優,33
国分恭,34
土田,35
坂井,36
坂井瑠,37
城戸,38
大江圭,39
大野,40
太宰,41
宮崎,42
小坂,43
小崎,44
小崎綾,45
小林凌,46
小林美,47
小林脩,48
小沢,49
小沢大,50
小牧加,51
小野寺,52
山林堂,53
岡田,54
岩田康,55
岩田望,56
岩部,57
嶋田,58
川又,59
川田,60
川田将,61
川端,62
川端海,63
川須,64
幸,65
幸英明,66
戸崎圭,67
斎藤,68
木幡初,69
木幡巧,70
木幡育,71
杉原,72
松山,73
松山弘,74
松岡,75
松本,76
松若,77
柴田大,78
柴田裕,79
森一,80
横山典,81
横山和,82
横山武,83
横山琉,84
橋木,85
武藤,86
武豊,87
水口,88
永島,89
江田勇,90
江田照,91
池添,92
河原田,93
泉谷,94
泉谷楓,95
津村,96
浜中,97
田中健,98
田口,99
田口貫,100
田村,101
田辺,102
的場,103
石川,104
石橋脩,105
石田,106
石田拓,107
石神深,108
石神道,109
秋山稔,110
草野,111
荻野極,112
荻野琢,113
菅原明,114
菅原隆,115
菊沢,116
菱田,117
藤岡佑,118
藤懸,119
西村太,120
西村淳,121
西谷誠,122
角田和,123
角田大,124
酒井,125
酒井学,126
野中,127
金子,128
長岡,129
長浜,130
難波,131
難波剛,132
高倉,133
高杉,134
高田,135
鮫島克,136
鮫島良,137
鮫島駿,138
鷲頭,139
黒岩,140
黛,141
Ａルメ,142
Ａ．ル,143
Ｈドイ,144
Ｍデム,145
Ｍ．デ,146
