地方久保秀,0
栗東上村,1
栗東中内田,2
栗東中尾,3
栗東中村,4
栗東中竹,5
栗東今野,6
栗東佐々木,7
栗東北出,8
栗東千田,9
栗東友道,10
栗東吉岡,11
栗東吉村,12
栗東吉田,13
栗東四位,14
栗東坂口,15
栗東大久保,16
栗東大根田,17
栗東大橋,18
栗東奥村豊,19
栗東安田,20
栗東安達,21
栗東宮,22
栗東宮地,23
栗東宮本,24
栗東寺島,25
栗東小崎,26
栗東小林,27
栗東小栗,28
栗東小椋,29
栗東岡田,30
栗東平田,31
栗東庄野,32
栗東斉藤崇,33
栗東新谷,34
栗東昆,35
栗東木原,36
栗東本田,37
栗東杉山佳,38
栗東杉山晴,39
栗東村山,40
栗東松下,41
栗東松永幹,42
栗東梅田,43
栗東森田,44
栗東森秀,45
栗東橋口,46
栗東武幸,47
栗東武英,48
栗東池江,49
栗東池添,50
栗東河内,51
栗東河嶋,52
栗東浜田,53
栗東清水久,54
栗東渡辺,55
栗東牧浦,56
栗東牧田,57
栗東田中克,58
栗東畑端,59
栗東矢作,60
栗東石坂,61
栗東石橋,62
栗東福永,63
栗東笹田,64
栗東緒方,65
栗東羽月,66
栗東茶木,67
栗東荒川,68
栗東藤原,69
栗東藤岡,70
栗東藤沢,71
栗東藤野,72
栗東西園正,73
栗東西園翔,74
栗東西村,75
栗東角田,76
栗東谷,77
栗東辻野,78
栗東野中,79
栗東鈴木孝,80
栗東長谷川,81
栗東音無,82
栗東須貝,83
栗東飯田,84
栗東高柳大,85
栗東高橋一,86
栗東高橋亮,87
栗東高橋康,88
栗東高橋忠,89
栗東高野,90
栗東鮫島,91
美浦上原佑,92
美浦上原博,93
美浦中川,94
美浦中舘,95
美浦久保田,96
美浦伊坂,97
美浦伊藤伸,98
美浦伊藤圭,99
美浦伊藤大,100
美浦佐藤吉,101
美浦加藤和,102
美浦加藤士,103
美浦加藤征,104
美浦勢司,105
美浦千葉,106
美浦南田,107
美浦古賀,108
美浦和田勇,109
美浦和田郎,110
美浦和田雄,111
美浦嘉藤,112
美浦国枝,113
美浦土田,114
美浦堀,115
美浦堀内,116
美浦大和田,117
美浦大竹,118
美浦天間,119
美浦奥平,120
美浦奥村武,121
美浦宗像,122
美浦宮田,123
美浦小島,124
美浦小手川,125
美浦小笠,126
美浦小西,127
美浦小野,128
美浦尾形,129
美浦尾関,130
美浦岩戸,131
美浦戸田,132
美浦手塚,133
美浦斎藤誠,134
美浦新開,135
美浦木村,136
美浦本間,137
美浦杉浦,138
美浦村田,139
美浦松山,140
美浦松永康,141
美浦林,142
美浦栗田,143
美浦根本,144
美浦森一,145
美浦武井,146
美浦武市,147
美浦武藤,148
美浦水野,149
美浦池上,150
美浦深山,151
美浦清水英,152
美浦牧,153
美浦田中剛,154
美浦田中博,155
美浦田島,156
美浦田村,157
美浦畠山,158
美浦的場,159
美浦相沢,160
美浦矢嶋,161
美浦矢野,162
美浦石栗,163
美浦石毛,164
美浦稲垣,165
美浦竹内,166
美浦粕谷,167
美浦菊川,168
美浦菊沢,169
美浦萩原,170
美浦萱野,171
美浦蛯名利,172
美浦蛯名正,173
美浦西田,174
美浦辻,175
美浦金成,176
美浦鈴木伸,177
美浦鈴木慎,178
美浦青木,179
美浦高木,180
美浦高柳瑞,181
美浦高橋文,182
美浦鹿戸,183
美浦黒岩,184
