race_ids,race_urls,race_date
202506010101,https://race.netkeiba.com/race/result.html?race_id=202506010101&rf=race_submenu,20250105
202506010102,https://race.netkeiba.com/race/result.html?race_id=202506010102&rf=race_submenu,20250105
202506010103,https://race.netkeiba.com/race/result.html?race_id=202506010103&rf=race_submenu,20250105
202506010104,https://race.netkeiba.com/race/result.html?race_id=202506010104&rf=race_submenu,20250105
202506010105,https://race.netkeiba.com/race/result.html?race_id=202506010105&rf=race_submenu,20250105
202506010106,https://race.netkeiba.com/race/result.html?race_id=202506010106&rf=race_submenu,20250105
202506010107,https://race.netkeiba.com/race/result.html?race_id=202506010107&rf=race_submenu,20250105
202506010108,https://race.netkeiba.com/race/result.html?race_id=202506010108&rf=race_submenu,20250105
202506010109,https://race.netkeiba.com/race/result.html?race_id=202506010109&rf=race_submenu,20250105
202506010110,https://race.netkeiba.com/race/result.html?race_id=202506010110&rf=race_submenu,20250105
202506010111,https://race.netkeiba.com/race/result.html?race_id=202506010111&rf=race_submenu,20250105
202506010112,https://race.netkeiba.com/race/result.html?race_id=202506010112&rf=race_submenu,20250105
202507010101,https://race.netkeiba.com/race/result.html?race_id=202507010101&rf=race_submenu,20250105
202507010102,https://race.netkeiba.com/race/result.html?race_id=202507010102&rf=race_submenu,20250105
202507010103,https://race.netkeiba.com/race/result.html?race_id=202507010103&rf=race_submenu,20250105
202507010104,https://race.netkeiba.com/race/result.html?race_id=202507010104&rf=race_submenu,20250105
202507010105,https://race.netkeiba.com/race/result.html?race_id=202507010105&rf=race_submenu,20250105
202507010106,https://race.netkeiba.com/race/result.html?race_id=202507010106&rf=race_submenu,20250105
202507010107,https://race.netkeiba.com/race/result.html?race_id=202507010107&rf=race_submenu,20250105
202507010108,https://race.netkeiba.com/race/result.html?race_id=202507010108&rf=race_submenu,20250105
202507010109,https://race.netkeiba.com/race/result.html?race_id=202507010109&rf=race_submenu,20250105
202507010110,https://race.netkeiba.com/race/result.html?race_id=202507010110&rf=race_submenu,20250105
202507010111,https://race.netkeiba.com/race/result.html?race_id=202507010111&rf=race_submenu,20250105
202507010112,https://race.netkeiba.com/race/result.html?race_id=202507010112&rf=race_submenu,20250105
202506010201,https://race.netkeiba.com/race/result.html?race_id=202506010201&rf=race_submenu,20250106
202506010202,https://race.netkeiba.com/race/result.html?race_id=202506010202&rf=race_submenu,20250106
202506010203,https://race.netkeiba.com/race/result.html?race_id=202506010203&rf=race_submenu,20250106
202506010204,https://race.netkeiba.com/race/result.html?race_id=202506010204&rf=race_submenu,20250106
202506010205,https://race.netkeiba.com/race/result.html?race_id=202506010205&rf=race_submenu,20250106
202506010206,https://race.netkeiba.com/race/result.html?race_id=202506010206&rf=race_submenu,20250106
202506010207,https://race.netkeiba.com/race/result.html?race_id=202506010207&rf=race_submenu,20250106
202506010208,https://race.netkeiba.com/race/result.html?race_id=202506010208&rf=race_submenu,20250106
202506010209,https://race.netkeiba.com/race/result.html?race_id=202506010209&rf=race_submenu,20250106
202506010210,https://race.netkeiba.com/race/result.html?race_id=202506010210&rf=race_submenu,20250106
202506010211,https://race.netkeiba.com/race/result.html?race_id=202506010211&rf=race_submenu,20250106
202506010212,https://race.netkeiba.com/race/result.html?race_id=202506010212&rf=race_submenu,20250106
202507010201,https://race.netkeiba.com/race/result.html?race_id=202507010201&rf=race_submenu,20250106
202507010202,https://race.netkeiba.com/race/result.html?race_id=202507010202&rf=race_submenu,20250106
202507010203,https://race.netkeiba.com/race/result.html?race_id=202507010203&rf=race_submenu,20250106
202507010204,https://race.netkeiba.com/race/result.html?race_id=202507010204&rf=race_submenu,20250106
202507010205,https://race.netkeiba.com/race/result.html?race_id=202507010205&rf=race_submenu,20250106
202507010206,https://race.netkeiba.com/race/result.html?race_id=202507010206&rf=race_submenu,20250106
202507010207,https://race.netkeiba.com/race/result.html?race_id=202507010207&rf=race_submenu,20250106
202507010208,https://race.netkeiba.com/race/result.html?race_id=202507010208&rf=race_submenu,20250106
202507010209,https://race.netkeiba.com/race/result.html?race_id=202507010209&rf=race_submenu,20250106
202507010210,https://race.netkeiba.com/race/result.html?race_id=202507010210&rf=race_submenu,20250106
202507010211,https://race.netkeiba.com/race/result.html?race_id=202507010211&rf=race_submenu,20250106
202507010212,https://race.netkeiba.com/race/result.html?race_id=202507010212&rf=race_submenu,20250106
202506010301,https://race.netkeiba.com/race/result.html?race_id=202506010301&rf=race_submenu,20250111
202506010302,https://race.netkeiba.com/race/result.html?race_id=202506010302&rf=race_submenu,20250111
202506010303,https://race.netkeiba.com/race/result.html?race_id=202506010303&rf=race_submenu,20250111
202506010304,https://race.netkeiba.com/race/result.html?race_id=202506010304&rf=race_submenu,20250111
202506010305,https://race.netkeiba.com/race/result.html?race_id=202506010305&rf=race_submenu,20250111
202506010306,https://race.netkeiba.com/race/result.html?race_id=202506010306&rf=race_submenu,20250111
202506010307,https://race.netkeiba.com/race/result.html?race_id=202506010307&rf=race_submenu,20250111
202506010308,https://race.netkeiba.com/race/result.html?race_id=202506010308&rf=race_submenu,20250111
202506010309,https://race.netkeiba.com/race/result.html?race_id=202506010309&rf=race_submenu,20250111
202506010310,https://race.netkeiba.com/race/result.html?race_id=202506010310&rf=race_submenu,20250111
202506010311,https://race.netkeiba.com/race/result.html?race_id=202506010311&rf=race_submenu,20250111
202506010312,https://race.netkeiba.com/race/result.html?race_id=202506010312&rf=race_submenu,20250111
202507010301,https://race.netkeiba.com/race/result.html?race_id=202507010301&rf=race_submenu,20250111
202507010302,https://race.netkeiba.com/race/result.html?race_id=202507010302&rf=race_submenu,20250111
202507010303,https://race.netkeiba.com/race/result.html?race_id=202507010303&rf=race_submenu,20250111
202507010304,https://race.netkeiba.com/race/result.html?race_id=202507010304&rf=race_submenu,20250111
202507010305,https://race.netkeiba.com/race/result.html?race_id=202507010305&rf=race_submenu,20250111
202507010306,https://race.netkeiba.com/race/result.html?race_id=202507010306&rf=race_submenu,20250111
202507010307,https://race.netkeiba.com/race/result.html?race_id=202507010307&rf=race_submenu,20250111
202507010308,https://race.netkeiba.com/race/result.html?race_id=202507010308&rf=race_submenu,20250111
202507010309,https://race.netkeiba.com/race/result.html?race_id=202507010309&rf=race_submenu,20250111
202507010310,https://race.netkeiba.com/race/result.html?race_id=202507010310&rf=race_submenu,20250111
202507010311,https://race.netkeiba.com/race/result.html?race_id=202507010311&rf=race_submenu,20250111
202507010312,https://race.netkeiba.com/race/result.html?race_id=202507010312&rf=race_submenu,20250111
202506010401,https://race.netkeiba.com/race/result.html?race_id=202506010401&rf=race_submenu,20250112
202506010402,https://race.netkeiba.com/race/result.html?race_id=202506010402&rf=race_submenu,20250112
202506010403,https://race.netkeiba.com/race/result.html?race_id=202506010403&rf=race_submenu,20250112
202506010404,https://race.netkeiba.com/race/result.html?race_id=202506010404&rf=race_submenu,20250112
202506010405,https://race.netkeiba.com/race/result.html?race_id=202506010405&rf=race_submenu,20250112
202506010406,https://race.netkeiba.com/race/result.html?race_id=202506010406&rf=race_submenu,20250112
202506010407,https://race.netkeiba.com/race/result.html?race_id=202506010407&rf=race_submenu,20250112
202506010408,https://race.netkeiba.com/race/result.html?race_id=202506010408&rf=race_submenu,20250112
202506010409,https://race.netkeiba.com/race/result.html?race_id=202506010409&rf=race_submenu,20250112
202506010410,https://race.netkeiba.com/race/result.html?race_id=202506010410&rf=race_submenu,20250112
202506010411,https://race.netkeiba.com/race/result.html?race_id=202506010411&rf=race_submenu,20250112
202506010412,https://race.netkeiba.com/race/result.html?race_id=202506010412&rf=race_submenu,20250112
202507010401,https://race.netkeiba.com/race/result.html?race_id=202507010401&rf=race_submenu,20250112
202507010402,https://race.netkeiba.com/race/result.html?race_id=202507010402&rf=race_submenu,20250112
202507010403,https://race.netkeiba.com/race/result.html?race_id=202507010403&rf=race_submenu,20250112
202507010404,https://race.netkeiba.com/race/result.html?race_id=202507010404&rf=race_submenu,20250112
202507010405,https://race.netkeiba.com/race/result.html?race_id=202507010405&rf=race_submenu,20250112
202507010406,https://race.netkeiba.com/race/result.html?race_id=202507010406&rf=race_submenu,20250112
202507010407,https://race.netkeiba.com/race/result.html?race_id=202507010407&rf=race_submenu,20250112
202507010408,https://race.netkeiba.com/race/result.html?race_id=202507010408&rf=race_submenu,20250112
202507010409,https://race.netkeiba.com/race/result.html?race_id=202507010409&rf=race_submenu,20250112
202507010410,https://race.netkeiba.com/race/result.html?race_id=202507010410&rf=race_submenu,20250112
202507010411,https://race.netkeiba.com/race/result.html?race_id=202507010411&rf=race_submenu,20250112
202507010412,https://race.netkeiba.com/race/result.html?race_id=202507010412&rf=race_submenu,20250112
202506010501,https://race.netkeiba.com/race/result.html?race_id=202506010501&rf=race_submenu,20250113
202506010502,https://race.netkeiba.com/race/result.html?race_id=202506010502&rf=race_submenu,20250113
202506010503,https://race.netkeiba.com/race/result.html?race_id=202506010503&rf=race_submenu,20250113
202506010504,https://race.netkeiba.com/race/result.html?race_id=202506010504&rf=race_submenu,20250113
202506010505,https://race.netkeiba.com/race/result.html?race_id=202506010505&rf=race_submenu,20250113
202506010506,https://race.netkeiba.com/race/result.html?race_id=202506010506&rf=race_submenu,20250113
202506010507,https://race.netkeiba.com/race/result.html?race_id=202506010507&rf=race_submenu,20250113
202506010508,https://race.netkeiba.com/race/result.html?race_id=202506010508&rf=race_submenu,20250113
202506010509,https://race.netkeiba.com/race/result.html?race_id=202506010509&rf=race_submenu,20250113
202506010510,https://race.netkeiba.com/race/result.html?race_id=202506010510&rf=race_submenu,20250113
202506010511,https://race.netkeiba.com/race/result.html?race_id=202506010511&rf=race_submenu,20250113
202506010512,https://race.netkeiba.com/race/result.html?race_id=202506010512&rf=race_submenu,20250113
202507010501,https://race.netkeiba.com/race/result.html?race_id=202507010501&rf=race_submenu,20250113
202507010502,https://race.netkeiba.com/race/result.html?race_id=202507010502&rf=race_submenu,20250113
202507010503,https://race.netkeiba.com/race/result.html?race_id=202507010503&rf=race_submenu,20250113
202507010504,https://race.netkeiba.com/race/result.html?race_id=202507010504&rf=race_submenu,20250113
202507010505,https://race.netkeiba.com/race/result.html?race_id=202507010505&rf=race_submenu,20250113
202507010506,https://race.netkeiba.com/race/result.html?race_id=202507010506&rf=race_submenu,20250113
202507010507,https://race.netkeiba.com/race/result.html?race_id=202507010507&rf=race_submenu,20250113
202507010508,https://race.netkeiba.com/race/result.html?race_id=202507010508&rf=race_submenu,20250113
202507010509,https://race.netkeiba.com/race/result.html?race_id=202507010509&rf=race_submenu,20250113
202507010510,https://race.netkeiba.com/race/result.html?race_id=202507010510&rf=race_submenu,20250113
202507010511,https://race.netkeiba.com/race/result.html?race_id=202507010511&rf=race_submenu,20250113
202507010512,https://race.netkeiba.com/race/result.html?race_id=202507010512&rf=race_submenu,20250113
202506010601,https://race.netkeiba.com/race/result.html?race_id=202506010601&rf=race_submenu,20250118
202506010602,https://race.netkeiba.com/race/result.html?race_id=202506010602&rf=race_submenu,20250118
202506010603,https://race.netkeiba.com/race/result.html?race_id=202506010603&rf=race_submenu,20250118
202506010604,https://race.netkeiba.com/race/result.html?race_id=202506010604&rf=race_submenu,20250118
202506010605,https://race.netkeiba.com/race/result.html?race_id=202506010605&rf=race_submenu,20250118
202506010606,https://race.netkeiba.com/race/result.html?race_id=202506010606&rf=race_submenu,20250118
202506010607,https://race.netkeiba.com/race/result.html?race_id=202506010607&rf=race_submenu,20250118
202506010608,https://race.netkeiba.com/race/result.html?race_id=202506010608&rf=race_submenu,20250118
202506010609,https://race.netkeiba.com/race/result.html?race_id=202506010609&rf=race_submenu,20250118
202506010610,https://race.netkeiba.com/race/result.html?race_id=202506010610&rf=race_submenu,20250118
202506010611,https://race.netkeiba.com/race/result.html?race_id=202506010611&rf=race_submenu,20250118
202506010612,https://race.netkeiba.com/race/result.html?race_id=202506010612&rf=race_submenu,20250118
202507010601,https://race.netkeiba.com/race/result.html?race_id=202507010601&rf=race_submenu,20250118
202507010602,https://race.netkeiba.com/race/result.html?race_id=202507010602&rf=race_submenu,20250118
202507010603,https://race.netkeiba.com/race/result.html?race_id=202507010603&rf=race_submenu,20250118
202507010604,https://race.netkeiba.com/race/result.html?race_id=202507010604&rf=race_submenu,20250118
202507010605,https://race.netkeiba.com/race/result.html?race_id=202507010605&rf=race_submenu,20250118
202507010606,https://race.netkeiba.com/race/result.html?race_id=202507010606&rf=race_submenu,20250118
202507010607,https://race.netkeiba.com/race/result.html?race_id=202507010607&rf=race_submenu,20250118
202507010608,https://race.netkeiba.com/race/result.html?race_id=202507010608&rf=race_submenu,20250118
202507010609,https://race.netkeiba.com/race/result.html?race_id=202507010609&rf=race_submenu,20250118
202507010610,https://race.netkeiba.com/race/result.html?race_id=202507010610&rf=race_submenu,20250118
202507010611,https://race.netkeiba.com/race/result.html?race_id=202507010611&rf=race_submenu,20250118
202507010612,https://race.netkeiba.com/race/result.html?race_id=202507010612&rf=race_submenu,20250118
202506010701,https://race.netkeiba.com/race/result.html?race_id=202506010701&rf=race_submenu,20250119
202506010702,https://race.netkeiba.com/race/result.html?race_id=202506010702&rf=race_submenu,20250119
202506010703,https://race.netkeiba.com/race/result.html?race_id=202506010703&rf=race_submenu,20250119
202506010704,https://race.netkeiba.com/race/result.html?race_id=202506010704&rf=race_submenu,20250119
202506010705,https://race.netkeiba.com/race/result.html?race_id=202506010705&rf=race_submenu,20250119
202506010706,https://race.netkeiba.com/race/result.html?race_id=202506010706&rf=race_submenu,20250119
202506010707,https://race.netkeiba.com/race/result.html?race_id=202506010707&rf=race_submenu,20250119
202506010708,https://race.netkeiba.com/race/result.html?race_id=202506010708&rf=race_submenu,20250119
202506010709,https://race.netkeiba.com/race/result.html?race_id=202506010709&rf=race_submenu,20250119
202506010710,https://race.netkeiba.com/race/result.html?race_id=202506010710&rf=race_submenu,20250119
202506010711,https://race.netkeiba.com/race/result.html?race_id=202506010711&rf=race_submenu,20250119
202506010712,https://race.netkeiba.com/race/result.html?race_id=202506010712&rf=race_submenu,20250119
202507010701,https://race.netkeiba.com/race/result.html?race_id=202507010701&rf=race_submenu,20250119
202507010702,https://race.netkeiba.com/race/result.html?race_id=202507010702&rf=race_submenu,20250119
202507010703,https://race.netkeiba.com/race/result.html?race_id=202507010703&rf=race_submenu,20250119
202507010704,https://race.netkeiba.com/race/result.html?race_id=202507010704&rf=race_submenu,20250119
202507010705,https://race.netkeiba.com/race/result.html?race_id=202507010705&rf=race_submenu,20250119
202507010706,https://race.netkeiba.com/race/result.html?race_id=202507010706&rf=race_submenu,20250119
202507010707,https://race.netkeiba.com/race/result.html?race_id=202507010707&rf=race_submenu,20250119
202507010708,https://race.netkeiba.com/race/result.html?race_id=202507010708&rf=race_submenu,20250119
202507010709,https://race.netkeiba.com/race/result.html?race_id=202507010709&rf=race_submenu,20250119
202507010710,https://race.netkeiba.com/race/result.html?race_id=202507010710&rf=race_submenu,20250119
202507010711,https://race.netkeiba.com/race/result.html?race_id=202507010711&rf=race_submenu,20250119
202507010712,https://race.netkeiba.com/race/result.html?race_id=202507010712&rf=race_submenu,20250119
202506010801,https://race.netkeiba.com/race/result.html?race_id=202506010801&rf=race_submenu,20250125
202506010802,https://race.netkeiba.com/race/result.html?race_id=202506010802&rf=race_submenu,20250125
202506010803,https://race.netkeiba.com/race/result.html?race_id=202506010803&rf=race_submenu,20250125
202506010804,https://race.netkeiba.com/race/result.html?race_id=202506010804&rf=race_submenu,20250125
202506010805,https://race.netkeiba.com/race/result.html?race_id=202506010805&rf=race_submenu,20250125
202506010806,https://race.netkeiba.com/race/result.html?race_id=202506010806&rf=race_submenu,20250125
202506010807,https://race.netkeiba.com/race/result.html?race_id=202506010807&rf=race_submenu,20250125
202506010808,https://race.netkeiba.com/race/result.html?race_id=202506010808&rf=race_submenu,20250125
202506010809,https://race.netkeiba.com/race/result.html?race_id=202506010809&rf=race_submenu,20250125
202506010810,https://race.netkeiba.com/race/result.html?race_id=202506010810&rf=race_submenu,20250125
202506010811,https://race.netkeiba.com/race/result.html?race_id=202506010811&rf=race_submenu,20250125
202506010812,https://race.netkeiba.com/race/result.html?race_id=202506010812&rf=race_submenu,20250125
202507010801,https://race.netkeiba.com/race/result.html?race_id=202507010801&rf=race_submenu,20250125
202507010802,https://race.netkeiba.com/race/result.html?race_id=202507010802&rf=race_submenu,20250125
202507010803,https://race.netkeiba.com/race/result.html?race_id=202507010803&rf=race_submenu,20250125
202507010804,https://race.netkeiba.com/race/result.html?race_id=202507010804&rf=race_submenu,20250125
202507010805,https://race.netkeiba.com/race/result.html?race_id=202507010805&rf=race_submenu,20250125
202507010806,https://race.netkeiba.com/race/result.html?race_id=202507010806&rf=race_submenu,20250125
202507010807,https://race.netkeiba.com/race/result.html?race_id=202507010807&rf=race_submenu,20250125
202507010808,https://race.netkeiba.com/race/result.html?race_id=202507010808&rf=race_submenu,20250125
202507010809,https://race.netkeiba.com/race/result.html?race_id=202507010809&rf=race_submenu,20250125
202507010810,https://race.netkeiba.com/race/result.html?race_id=202507010810&rf=race_submenu,20250125
202507010811,https://race.netkeiba.com/race/result.html?race_id=202507010811&rf=race_submenu,20250125
202507010812,https://race.netkeiba.com/race/result.html?race_id=202507010812&rf=race_submenu,20250125
202510010101,https://race.netkeiba.com/race/result.html?race_id=202510010101&rf=race_submenu,20250125
202510010102,https://race.netkeiba.com/race/result.html?race_id=202510010102&rf=race_submenu,20250125
202510010103,https://race.netkeiba.com/race/result.html?race_id=202510010103&rf=race_submenu,20250125
202510010104,https://race.netkeiba.com/race/result.html?race_id=202510010104&rf=race_submenu,20250125
202510010105,https://race.netkeiba.com/race/result.html?race_id=202510010105&rf=race_submenu,20250125
202510010106,https://race.netkeiba.com/race/result.html?race_id=202510010106&rf=race_submenu,20250125
202510010107,https://race.netkeiba.com/race/result.html?race_id=202510010107&rf=race_submenu,20250125
202510010108,https://race.netkeiba.com/race/result.html?race_id=202510010108&rf=race_submenu,20250125
202510010109,https://race.netkeiba.com/race/result.html?race_id=202510010109&rf=race_submenu,20250125
202510010110,https://race.netkeiba.com/race/result.html?race_id=202510010110&rf=race_submenu,20250125
202510010111,https://race.netkeiba.com/race/result.html?race_id=202510010111&rf=race_submenu,20250125
202510010112,https://race.netkeiba.com/race/result.html?race_id=202510010112&rf=race_submenu,20250125
202506010901,https://race.netkeiba.com/race/result.html?race_id=202506010901&rf=race_submenu,20250126
202506010902,https://race.netkeiba.com/race/result.html?race_id=202506010902&rf=race_submenu,20250126
202506010903,https://race.netkeiba.com/race/result.html?race_id=202506010903&rf=race_submenu,20250126
202506010904,https://race.netkeiba.com/race/result.html?race_id=202506010904&rf=race_submenu,20250126
202506010905,https://race.netkeiba.com/race/result.html?race_id=202506010905&rf=race_submenu,20250126
202506010906,https://race.netkeiba.com/race/result.html?race_id=202506010906&rf=race_submenu,20250126
202506010907,https://race.netkeiba.com/race/result.html?race_id=202506010907&rf=race_submenu,20250126
202506010908,https://race.netkeiba.com/race/result.html?race_id=202506010908&rf=race_submenu,20250126
202506010909,https://race.netkeiba.com/race/result.html?race_id=202506010909&rf=race_submenu,20250126
202506010910,https://race.netkeiba.com/race/result.html?race_id=202506010910&rf=race_submenu,20250126
202506010911,https://race.netkeiba.com/race/result.html?race_id=202506010911&rf=race_submenu,20250126
202506010912,https://race.netkeiba.com/race/result.html?race_id=202506010912&rf=race_submenu,20250126
202507010901,https://race.netkeiba.com/race/result.html?race_id=202507010901&rf=race_submenu,20250126
202507010902,https://race.netkeiba.com/race/result.html?race_id=202507010902&rf=race_submenu,20250126
202507010903,https://race.netkeiba.com/race/result.html?race_id=202507010903&rf=race_submenu,20250126
202507010904,https://race.netkeiba.com/race/result.html?race_id=202507010904&rf=race_submenu,20250126
202507010905,https://race.netkeiba.com/race/result.html?race_id=202507010905&rf=race_submenu,20250126
202507010906,https://race.netkeiba.com/race/result.html?race_id=202507010906&rf=race_submenu,20250126
202507010907,https://race.netkeiba.com/race/result.html?race_id=202507010907&rf=race_submenu,20250126
202507010908,https://race.netkeiba.com/race/result.html?race_id=202507010908&rf=race_submenu,20250126
202507010909,https://race.netkeiba.com/race/result.html?race_id=202507010909&rf=race_submenu,20250126
202507010910,https://race.netkeiba.com/race/result.html?race_id=202507010910&rf=race_submenu,20250126
202507010911,https://race.netkeiba.com/race/result.html?race_id=202507010911&rf=race_submenu,20250126
202507010912,https://race.netkeiba.com/race/result.html?race_id=202507010912&rf=race_submenu,20250126
202510010201,https://race.netkeiba.com/race/result.html?race_id=202510010201&rf=race_submenu,20250126
202510010202,https://race.netkeiba.com/race/result.html?race_id=202510010202&rf=race_submenu,20250126
202510010203,https://race.netkeiba.com/race/result.html?race_id=202510010203&rf=race_submenu,20250126
202510010204,https://race.netkeiba.com/race/result.html?race_id=202510010204&rf=race_submenu,20250126
202510010205,https://race.netkeiba.com/race/result.html?race_id=202510010205&rf=race_submenu,20250126
202510010206,https://race.netkeiba.com/race/result.html?race_id=202510010206&rf=race_submenu,20250126
202510010207,https://race.netkeiba.com/race/result.html?race_id=202510010207&rf=race_submenu,20250126
202510010208,https://race.netkeiba.com/race/result.html?race_id=202510010208&rf=race_submenu,20250126
202510010209,https://race.netkeiba.com/race/result.html?race_id=202510010209&rf=race_submenu,20250126
202510010210,https://race.netkeiba.com/race/result.html?race_id=202510010210&rf=race_submenu,20250126
202510010211,https://race.netkeiba.com/race/result.html?race_id=202510010211&rf=race_submenu,20250126
202510010212,https://race.netkeiba.com/race/result.html?race_id=202510010212&rf=race_submenu,20250126
202505010101,https://race.netkeiba.com/race/result.html?race_id=202505010101&rf=race_submenu,20250201
202505010102,https://race.netkeiba.com/race/result.html?race_id=202505010102&rf=race_submenu,20250201
202505010103,https://race.netkeiba.com/race/result.html?race_id=202505010103&rf=race_submenu,20250201
202505010104,https://race.netkeiba.com/race/result.html?race_id=202505010104&rf=race_submenu,20250201
202505010105,https://race.netkeiba.com/race/result.html?race_id=202505010105&rf=race_submenu,20250201
202505010106,https://race.netkeiba.com/race/result.html?race_id=202505010106&rf=race_submenu,20250201
202505010107,https://race.netkeiba.com/race/result.html?race_id=202505010107&rf=race_submenu,20250201
202505010108,https://race.netkeiba.com/race/result.html?race_id=202505010108&rf=race_submenu,20250201
202505010109,https://race.netkeiba.com/race/result.html?race_id=202505010109&rf=race_submenu,20250201
202505010110,https://race.netkeiba.com/race/result.html?race_id=202505010110&rf=race_submenu,20250201
202505010111,https://race.netkeiba.com/race/result.html?race_id=202505010111&rf=race_submenu,20250201
202505010112,https://race.netkeiba.com/race/result.html?race_id=202505010112&rf=race_submenu,20250201
202508010101,https://race.netkeiba.com/race/result.html?race_id=202508010101&rf=race_submenu,20250201
202508010102,https://race.netkeiba.com/race/result.html?race_id=202508010102&rf=race_submenu,20250201
202508010103,https://race.netkeiba.com/race/result.html?race_id=202508010103&rf=race_submenu,20250201
202508010104,https://race.netkeiba.com/race/result.html?race_id=202508010104&rf=race_submenu,20250201
202508010105,https://race.netkeiba.com/race/result.html?race_id=202508010105&rf=race_submenu,20250201
202508010106,https://race.netkeiba.com/race/result.html?race_id=202508010106&rf=race_submenu,20250201
202508010107,https://race.netkeiba.com/race/result.html?race_id=202508010107&rf=race_submenu,20250201
202508010108,https://race.netkeiba.com/race/result.html?race_id=202508010108&rf=race_submenu,20250201
202508010109,https://race.netkeiba.com/race/result.html?race_id=202508010109&rf=race_submenu,20250201
202508010110,https://race.netkeiba.com/race/result.html?race_id=202508010110&rf=race_submenu,20250201
202508010111,https://race.netkeiba.com/race/result.html?race_id=202508010111&rf=race_submenu,20250201
202508010112,https://race.netkeiba.com/race/result.html?race_id=202508010112&rf=race_submenu,20250201
202510010301,https://race.netkeiba.com/race/result.html?race_id=202510010301&rf=race_submenu,20250201
202510010302,https://race.netkeiba.com/race/result.html?race_id=202510010302&rf=race_submenu,20250201
202510010303,https://race.netkeiba.com/race/result.html?race_id=202510010303&rf=race_submenu,20250201
202510010304,https://race.netkeiba.com/race/result.html?race_id=202510010304&rf=race_submenu,20250201
202510010305,https://race.netkeiba.com/race/result.html?race_id=202510010305&rf=race_submenu,20250201
202510010306,https://race.netkeiba.com/race/result.html?race_id=202510010306&rf=race_submenu,20250201
202510010307,https://race.netkeiba.com/race/result.html?race_id=202510010307&rf=race_submenu,20250201
202510010308,https://race.netkeiba.com/race/result.html?race_id=202510010308&rf=race_submenu,20250201
202510010309,https://race.netkeiba.com/race/result.html?race_id=202510010309&rf=race_submenu,20250201
202510010310,https://race.netkeiba.com/race/result.html?race_id=202510010310&rf=race_submenu,20250201
202510010311,https://race.netkeiba.com/race/result.html?race_id=202510010311&rf=race_submenu,20250201
202510010312,https://race.netkeiba.com/race/result.html?race_id=202510010312&rf=race_submenu,20250201
202505010201,https://race.netkeiba.com/race/result.html?race_id=202505010201&rf=race_submenu,20250202
202505010202,https://race.netkeiba.com/race/result.html?race_id=202505010202&rf=race_submenu,20250202
202505010203,https://race.netkeiba.com/race/result.html?race_id=202505010203&rf=race_submenu,20250202
202505010204,https://race.netkeiba.com/race/result.html?race_id=202505010204&rf=race_submenu,20250202
202505010205,https://race.netkeiba.com/race/result.html?race_id=202505010205&rf=race_submenu,20250202
202505010206,https://race.netkeiba.com/race/result.html?race_id=202505010206&rf=race_submenu,20250202
202505010207,https://race.netkeiba.com/race/result.html?race_id=202505010207&rf=race_submenu,20250202
202505010208,https://race.netkeiba.com/race/result.html?race_id=202505010208&rf=race_submenu,20250202
202505010209,https://race.netkeiba.com/race/result.html?race_id=202505010209&rf=race_submenu,20250202
202505010210,https://race.netkeiba.com/race/result.html?race_id=202505010210&rf=race_submenu,20250202
202505010211,https://race.netkeiba.com/race/result.html?race_id=202505010211&rf=race_submenu,20250202
202505010212,https://race.netkeiba.com/race/result.html?race_id=202505010212&rf=race_submenu,20250202
202508010201,https://race.netkeiba.com/race/result.html?race_id=202508010201&rf=race_submenu,20250202
202508010202,https://race.netkeiba.com/race/result.html?race_id=202508010202&rf=race_submenu,20250202
202508010203,https://race.netkeiba.com/race/result.html?race_id=202508010203&rf=race_submenu,20250202
202508010204,https://race.netkeiba.com/race/result.html?race_id=202508010204&rf=race_submenu,20250202
202508010205,https://race.netkeiba.com/race/result.html?race_id=202508010205&rf=race_submenu,20250202
202508010206,https://race.netkeiba.com/race/result.html?race_id=202508010206&rf=race_submenu,20250202
202508010207,https://race.netkeiba.com/race/result.html?race_id=202508010207&rf=race_submenu,20250202
202508010208,https://race.netkeiba.com/race/result.html?race_id=202508010208&rf=race_submenu,20250202
202508010209,https://race.netkeiba.com/race/result.html?race_id=202508010209&rf=race_submenu,20250202
202508010210,https://race.netkeiba.com/race/result.html?race_id=202508010210&rf=race_submenu,20250202
202508010211,https://race.netkeiba.com/race/result.html?race_id=202508010211&rf=race_submenu,20250202
202508010212,https://race.netkeiba.com/race/result.html?race_id=202508010212&rf=race_submenu,20250202
202510010401,https://race.netkeiba.com/race/result.html?race_id=202510010401&rf=race_submenu,20250202
202510010402,https://race.netkeiba.com/race/result.html?race_id=202510010402&rf=race_submenu,20250202
202510010403,https://race.netkeiba.com/race/result.html?race_id=202510010403&rf=race_submenu,20250202
202510010404,https://race.netkeiba.com/race/result.html?race_id=202510010404&rf=race_submenu,20250202
202510010405,https://race.netkeiba.com/race/result.html?race_id=202510010405&rf=race_submenu,20250202
202510010406,https://race.netkeiba.com/race/result.html?race_id=202510010406&rf=race_submenu,20250202
202510010407,https://race.netkeiba.com/race/result.html?race_id=202510010407&rf=race_submenu,20250202
202510010408,https://race.netkeiba.com/race/result.html?race_id=202510010408&rf=race_submenu,20250202
202510010409,https://race.netkeiba.com/race/result.html?race_id=202510010409&rf=race_submenu,20250202
202510010410,https://race.netkeiba.com/race/result.html?race_id=202510010410&rf=race_submenu,20250202
202510010411,https://race.netkeiba.com/race/result.html?race_id=202510010411&rf=race_submenu,20250202
202510010412,https://race.netkeiba.com/race/result.html?race_id=202510010412&rf=race_submenu,20250202
202505010301,https://race.netkeiba.com/race/result.html?race_id=202505010301&rf=race_submenu,20250208
202505010302,https://race.netkeiba.com/race/result.html?race_id=202505010302&rf=race_submenu,20250208
202505010303,https://race.netkeiba.com/race/result.html?race_id=202505010303&rf=race_submenu,20250208
202505010304,https://race.netkeiba.com/race/result.html?race_id=202505010304&rf=race_submenu,20250208
202505010305,https://race.netkeiba.com/race/result.html?race_id=202505010305&rf=race_submenu,20250208
202505010306,https://race.netkeiba.com/race/result.html?race_id=202505010306&rf=race_submenu,20250208
202505010307,https://race.netkeiba.com/race/result.html?race_id=202505010307&rf=race_submenu,20250208
202505010308,https://race.netkeiba.com/race/result.html?race_id=202505010308&rf=race_submenu,20250208
202505010309,https://race.netkeiba.com/race/result.html?race_id=202505010309&rf=race_submenu,20250208
202505010310,https://race.netkeiba.com/race/result.html?race_id=202505010310&rf=race_submenu,20250208
202505010311,https://race.netkeiba.com/race/result.html?race_id=202505010311&rf=race_submenu,20250208
202505010312,https://race.netkeiba.com/race/result.html?race_id=202505010312&rf=race_submenu,20250208
202510010501,https://race.netkeiba.com/race/result.html?race_id=202510010501&rf=race_submenu,20250208
202510010502,https://race.netkeiba.com/race/result.html?race_id=202510010502&rf=race_submenu,20250208
202510010503,https://race.netkeiba.com/race/result.html?race_id=202510010503&rf=race_submenu,20250208
202510010504,https://race.netkeiba.com/race/result.html?race_id=202510010504&rf=race_submenu,20250208
202510010505,https://race.netkeiba.com/race/result.html?race_id=202510010505&rf=race_submenu,20250208
202510010506,https://race.netkeiba.com/race/result.html?race_id=202510010506&rf=race_submenu,20250208
202510010507,https://race.netkeiba.com/race/result.html?race_id=202510010507&rf=race_submenu,20250208
202510010508,https://race.netkeiba.com/race/result.html?race_id=202510010508&rf=race_submenu,20250208
202510010509,https://race.netkeiba.com/race/result.html?race_id=202510010509&rf=race_submenu,20250208
202510010510,https://race.netkeiba.com/race/result.html?race_id=202510010510&rf=race_submenu,20250208
202510010511,https://race.netkeiba.com/race/result.html?race_id=202510010511&rf=race_submenu,20250208
202510010512,https://race.netkeiba.com/race/result.html?race_id=202510010512&rf=race_submenu,20250208
202505010401,https://race.netkeiba.com/race/result.html?race_id=202505010401&rf=race_submenu,20250209
202505010402,https://race.netkeiba.com/race/result.html?race_id=202505010402&rf=race_submenu,20250209
202505010403,https://race.netkeiba.com/race/result.html?race_id=202505010403&rf=race_submenu,20250209
202505010404,https://race.netkeiba.com/race/result.html?race_id=202505010404&rf=race_submenu,20250209
202505010405,https://race.netkeiba.com/race/result.html?race_id=202505010405&rf=race_submenu,20250209
202505010406,https://race.netkeiba.com/race/result.html?race_id=202505010406&rf=race_submenu,20250209
202505010407,https://race.netkeiba.com/race/result.html?race_id=202505010407&rf=race_submenu,20250209
202505010408,https://race.netkeiba.com/race/result.html?race_id=202505010408&rf=race_submenu,20250209
202505010409,https://race.netkeiba.com/race/result.html?race_id=202505010409&rf=race_submenu,20250209
202505010410,https://race.netkeiba.com/race/result.html?race_id=202505010410&rf=race_submenu,20250209
202505010411,https://race.netkeiba.com/race/result.html?race_id=202505010411&rf=race_submenu,20250209
202505010412,https://race.netkeiba.com/race/result.html?race_id=202505010412&rf=race_submenu,20250209
202508010401,https://race.netkeiba.com/race/result.html?race_id=202508010401&rf=race_submenu,20250209
202508010402,https://race.netkeiba.com/race/result.html?race_id=202508010402&rf=race_submenu,20250209
202508010403,https://race.netkeiba.com/race/result.html?race_id=202508010403&rf=race_submenu,20250209
202508010404,https://race.netkeiba.com/race/result.html?race_id=202508010404&rf=race_submenu,20250209
202508010405,https://race.netkeiba.com/race/result.html?race_id=202508010405&rf=race_submenu,20250209
202508010406,https://race.netkeiba.com/race/result.html?race_id=202508010406&rf=race_submenu,20250209
202508010407,https://race.netkeiba.com/race/result.html?race_id=202508010407&rf=race_submenu,20250209
202508010408,https://race.netkeiba.com/race/result.html?race_id=202508010408&rf=race_submenu,20250209
202508010409,https://race.netkeiba.com/race/result.html?race_id=202508010409&rf=race_submenu,20250209
202508010410,https://race.netkeiba.com/race/result.html?race_id=202508010410&rf=race_submenu,20250209
202508010411,https://race.netkeiba.com/race/result.html?race_id=202508010411&rf=race_submenu,20250209
202508010412,https://race.netkeiba.com/race/result.html?race_id=202508010412&rf=race_submenu,20250209
202510010601,https://race.netkeiba.com/race/result.html?race_id=202510010601&rf=race_submenu,20250209
202510010602,https://race.netkeiba.com/race/result.html?race_id=202510010602&rf=race_submenu,20250209
202510010603,https://race.netkeiba.com/race/result.html?race_id=202510010603&rf=race_submenu,20250209
202510010604,https://race.netkeiba.com/race/result.html?race_id=202510010604&rf=race_submenu,20250209
202510010605,https://race.netkeiba.com/race/result.html?race_id=202510010605&rf=race_submenu,20250209
202510010606,https://race.netkeiba.com/race/result.html?race_id=202510010606&rf=race_submenu,20250209
202510010607,https://race.netkeiba.com/race/result.html?race_id=202510010607&rf=race_submenu,20250209
202510010608,https://race.netkeiba.com/race/result.html?race_id=202510010608&rf=race_submenu,20250209
202510010609,https://race.netkeiba.com/race/result.html?race_id=202510010609&rf=race_submenu,20250209
202510010610,https://race.netkeiba.com/race/result.html?race_id=202510010610&rf=race_submenu,20250209
202510010611,https://race.netkeiba.com/race/result.html?race_id=202510010611&rf=race_submenu,20250209
202510010612,https://race.netkeiba.com/race/result.html?race_id=202510010612&rf=race_submenu,20250209
202508010301,https://race.netkeiba.com/race/result.html?race_id=202508010301&rf=race_submenu,20250210
202508010302,https://race.netkeiba.com/race/result.html?race_id=202508010302&rf=race_submenu,20250210
202508010303,https://race.netkeiba.com/race/result.html?race_id=202508010303&rf=race_submenu,20250210
202508010304,https://race.netkeiba.com/race/result.html?race_id=202508010304&rf=race_submenu,20250210
202508010305,https://race.netkeiba.com/race/result.html?race_id=202508010305&rf=race_submenu,20250210
202508010306,https://race.netkeiba.com/race/result.html?race_id=202508010306&rf=race_submenu,20250210
202508010307,https://race.netkeiba.com/race/result.html?race_id=202508010307&rf=race_submenu,20250210
202508010308,https://race.netkeiba.com/race/result.html?race_id=202508010308&rf=race_submenu,20250210
202508010309,https://race.netkeiba.com/race/result.html?race_id=202508010309&rf=race_submenu,20250210
202508010310,https://race.netkeiba.com/race/result.html?race_id=202508010310&rf=race_submenu,20250210
202508010311,https://race.netkeiba.com/race/result.html?race_id=202508010311&rf=race_submenu,20250210
202508010312,https://race.netkeiba.com/race/result.html?race_id=202508010312&rf=race_submenu,20250210
